plcyNo,bscPlanCycl,bscPlanPlcyWayNo,bscPlanFcsAsmtNo,bscPlanAsmtNo,pvsnInstGroupCd,plcyPvsnMthdCd,plcyAprvSttsCd,plcyNm,plcyKywdNm,plcyExplnCn,lclsfNm,mclsfNm,plcySprtCn,sprvsnInstCd,sprvsnInstCdNm,sprvsnInstPicNm,operInstCd,operInstCdNm,operInstPicNm,sprtSclLmtYn,aplyPrdSeCd,bizPrdSeCd,bizPrdBgngYmd,bizPrdEndYmd,bizPrdEtcCn,plcyAplyMthdCn,srngMthdCn,aplyUrlAddr,sbmsnDcmntCn,etcMttrCn,refUrlAddr1,refUrlAddr2,sprtSclCnt,sprtArvlSeqYn,sprtTrgtMinAge,sprtTrgtMaxAge,sprtTrgtAgeLmtYn,mrgSttsCd,earnCndSeCd,earnMinAmt,earnMaxAmt,earnEtcCn,addAplyQlfcCndCn,ptcpPrpTrgtCn,inqCnt,rgtrInstCd,rgtrInstCdNm,rgtrUpInstCd,rgtrUpInstCdNm,rgtrHghrkInstCd,rgtrHghrkInstCdNm,zipCd,plcyMajorCd,jobCd,schoolCd,aplyYmd,frstRegDt,lastMdfcnDt,sbizCd,_category
20260420005400212770,2,003,009,030,0054002,0042005,0044002,(연장신청)청년맞춤형 주택임차보증금 이자지원,주거지원,"대학(원)생, 취업준비생, 사회초년생의 임대보증금 대출을 알선하고 대출이자의 일부를 이차보전하여 주거안정에 기여",주거,전월세 및 주거급여 지원,"2억원이하 주택임차보증금 90% 이내(최대1억원) 
이자 일부(2%) 2년간 이차보전 | 연장1회 가능(최장4년)",6290000,광주시청,청년정책담당자,6290000,광주시청,청년정책담당자,Y,0057003,0056002,        ,        ,연중,"상단 신청하기 클릭(신청시작일 생성), 접수 - 적격자 알림(시→은행, 신청인) - 대출적격자 통보(은행→신청인, 시) - 대출실행(은행→신청인) - 이자지원(시→은행)","○ 신규임차계약
 - 2026. 2. 20.(금) 선정발표 완료

○ 갱신임차계약
 - 신청월(3, 5, 7, 9, 11월 중 해당월)의 말일/ 예) 3월1일~10일 신청자는 3월 31일 발표

○ 연장신청 : 별도안내
",https://youth.gwangju.go.kr/www/50?formSeq=46&mapngColumn=policy_id&mapngId=1241&url=%2Fwww%2Fform%2FapplFormView,"※ 모든 서류는 신청일 기준 1개월 이내 발급분으로 제출 필수
   - 동의서 등 제출서류 일체(서명 필수) 스캔(내용식별 가능해야 함)
     → 서류는 제출 항목별로 압축 파일로 저장하여 업로드

○ 공통서류
 - 임차보증금 이자지원 신청자 의무사항 및 각서(공고문 서식 1)
 - 개인정보 수집‧이용 및 제3자 정보제공 동의서 (공고문 서식 2) 
   → (취업준비생) 본인 포함 부모님 서명 / (취창업자) 본인 서명 / (기혼자) 본인 포함 배우자 서명 필수 
 - 주민등록초본(주소변경이력포함, 발급일자 필수)
 - 주민등록등본(발급 일자 필수)
 - 가족관계증명서(본인 주민번호 전체 표시)
 - &apos;25~26 지방세 세목별 과세증명서(전국/전체) *홈택스 [미과세증명서] 증명서로 대체(선택: (전국) 체크 / 조회 : 재산세(전체), 취득세(부동산) 체크)
   ** 미과세증명서 발급이 안될시 : 지방세 세목별 과세 증명서 + [청약홈] 주택소유확인서 추가 제출
 - 건강보험 자격득실확인서(가입이력전체포함)
 - 건강보험 납부확인서(취창업자:본인, 기혼자:본인 및 배우자, 취준생:부모)
 - 건강보험 자격확인서(소득산정 가구원의 건강보험 자격확인, 가입이력포함)
 - 임대차계약서(갱신임차계약인 경우)
 
○ 대학(원)생, 취업준비생 추가서류 
 - 부모의 최근연도 소득금액증명원 또는 원천징수영수증 (부모 모두)
 - 사실증명원 (부모가 소득이 없는 경우) 
 - 재학(휴학)증명서 / 졸업증명서 등 (총장 직인 필수)
  ※ 본인소득 심사를 원하는 경우 공고문 3p의 예외사항 조건을 모두 충족할 시 가능
    → 이때 본인 기준 소득증빙서류, 현재 혹은 직전 취창업 확인서류 제출(공고문 5p 참고)

○ 취창업자 추가서류 
 - 재직증명서(사업자의 경우 사업자등록증, 최근1개월내 발급분 아닌 경우 사업등록증명 보완)
 - 현재 근무지(사업지)의 본인의 최근연도 소득금액증명원 또는 원천징수영수증(공고문 참고) ","연 소득 : (부모)7천만원 이하, (본인)4천5백만원 이하, (부부합산) 6천만원 이하",https://youth.gwangju.go.kr/www/50?siteId=www&policyId=1241&url=%2Fwww%2Fpolicy%2FgjYgPolicyView,,0,N,19,39,Y,0055003,0043001,0,0,,,,40,6290000,광주시청,6290000,광주시청,6290000,광주시청,"29110,29140,29155,29170,29200",0011009,0013010,0049010,,2026-04-20 09:19:11,2026-04-20 17:32:37,0014010,주거
20260408005400212634,2,003,009,030,0054002,0042005,0044002,청년월세지원,주거지원,"고물가, 고금리 등으로 경제적 어려움을 겪고 있는 청년층의 주거비 부담 경감을 위하여 일시적으로 청년월세 지원 ",주거,전월세 및 주거급여 지원,"월 최대 20만원 임대료 지원 (최장 24개월)
* 생애 1회 / 임차보증금, 관리비 등은 제외",6290000,광주시청,청년정책담당자,6290000,광주시청,청년정책담당자,Y,0057001,0056002,20260101,20261231,연중,"(온라인) 복지로 홈페이지(또는 앱) : [중앙부처 복지사업] 청년월세지원 신청
(오프라인) 청년거주지(월세 임차지)의 관할 행정복지센터 방문 ","(신청 접수) 매년 3~5월   * 2026년 신청접수기간 : 3.30.(월) 09:00 ~ 5.29.(월) 16:00  *오프라인 신청마감: 5.29.(월) 18:00
(소득 심사) 매년 3~8월  
(선정 지급) 매년 9월~ (5월분부터 소급) 

* 선정 후 매월 25일 청년 본인 계좌로 지급 (지급일이 토요일이거나 공휴일인 경우 그 전날 지급)
* 청년 주거급여 신청자의 경우 주거급여 수급 여부 결정 확인 후 지원금 결정",https://www.bokjiro.go.kr/,"(필수서류)
월세지원 신청(변경)서, 
소득·재산 신고서, 
임대차계약(확정일자 날인) 및 월세이체 증빙서류, 
서약서, 
입금통장사본, 
청년 및 부모의 가족관계증명서(상세), 
배우자 및 배우자 부모의 가족관계증명서(상세)

(추가서류-필요시) 
위임장, 거주사실 입증 서류, 주택 구입 및 임차보증금 용도의 부채증빙 서류 등 
 
** 선정 후 주소 변경 시 
지급기간 동안 주소지 변경 등으로 임대차계약이 변경되는 경우 새로운 주소지(전입지)의 관할 행정복지센터에 변경 계약서 제출",주거급여 수급자의 경우 청년 주거급여 분리액 또는 별도보장가구는 주거급여액을 차감한 금액만 지원,,,0,N,19,34,Y,0055003,0043001,0,0,,,,39,6290000,광주시청,6290000,광주시청,6290000,광주시청,"29110,29140,29155,29170,29200",0011009,0013010,0049010,20260330 ~ 20260529,2026-04-08 13:05:21,2026-04-09 15:44:09,0014010,주거
20260408005400212633,2,003,009,030,0054002,0042005,0044002,전세보증금반환보증 보증료 지원,주거지원,무주택 임차인의 전세보증금반환보증 가입을 유도하여 전세사기 피해를 예방하기 위한 전세보증금반환보증 보증료 지원,주거,전월세 및 주거급여 지원,"납부한 보증료의 전부 또는 일부(최대 40만원*)를 본인 계좌로 이체
 * &apos;26.3.31. 이후 보증 가입자만 해당 (&apos;26.3.30. 이전 보증 가입자는 최대 30만원) 

- 청년* 임차인 : 신청인이 기 납부한 보증료 (최대 40만원)
- 청년* 외 임차인 : 신청인이 기 납부한 보증료의 90% (최대 40만원)
- 신혼부부** 임차인 : 신청인이 기납부한 보증료 (최대 40만원)

 * 신청일 기준 만19세~만39세 
 ** 신청일 기준 혼인신고일이 7년 이내인 부부, 신혼부부 유형으로 대출을 받거나 신혼부부 유형으로 보증료 할인을 받은 경우 (연령 무관)",6290000,광주시청,청년정책담당자,6290000,광주시청,청년정책담당자,Y,0057002,0056002,        ,        ,연중,"- (방문신청) 주소지 관할 동 행정복지센터 
- (온라인신청) 정부24 (https://www.gov.kr) / HUG 안심전세포털 (https://www.khug.or.kr)",,https://www.gov.kr,"- 보증료 지원 신청서, 서약서 
- 전세보증금반환보증 보증증서, 보증료 납부 증빙서류 
- 임대차계약서, 부동산 등기사항 전부증명서 
- 주민등록등본, 혼인관계증명서 
- 본인명의 통장 사본 
- 전년도 소득금액증명 
※ 기혼자는 배우자의 소득증빙 서류도 필수 제출",,https://youth.gwangju.go.kr/www/51?siteId=www&plcyNo=20260325005400212269&url=%2Fwww%2Fpolicy%2FallYgPolicyView,,0,N,19,39,Y,0055003,0043001,0,0,,,,28,6290000,광주시청,6290000,광주시청,6290000,광주시청,"29110,29140,29155,29170,29200",0011009,0013010,0049010,,2026-04-08 11:29:50,2026-04-09 15:45:47,0014010,주거
20260408005400212631,2,003,009,030,0054002,0042005,0044002,청년 주거급여 분리지급,주거지원," 취학·구직 등의 사유로 부모(주거급여 수급가구)와 떨어져 주거지를 달리하는 만19세 ~ 30세 미만 미혼청년의 임대료 부담을 완화하여, 청년 대상에게 별도 주거급여를 지급합니다.",주거,전월세 및 주거급여 지원,"지원상한액(광역시 기준) : 1인 247,000원, 2인 275,000원, 3인 327,000원, 4인 381,000원",6290000,광주시청,청년정책담당자,6290000,광주시청,청년정책담당자,Y,0057002,0056002,        ,        ,연중,"- 주거급여 수급가구 내 가구주(부모)가 거주하는 읍·면·동 행정복지센터
- 보건복지부 포털사이트 복지로 신청(홈페이지: www.bokjiro.go.kr) 
- 보건복지부 복지콜센터 (☏ 129) 
",부모의 관할 구청에서 소득재산 조회 후 수급자 선정,www.bokjiro.go.kr,"사회보장급여 제공(변경) 신청서, 금융정보 등 제공 동의서, 기타 필요시 해당 구비 서류","① 청년명의의 임대차계약을 체결하고 임차료를 지불하는 청년에게 지급(전입신고 필수)
② 주거급여 수급가구의 부모와 청년이 주민등록상 시·군․구을 달리하는 경우 인정하되, 동일 시·군․구이라도 보장기관이 인정하는 경우는 예외로 함",https://youth.gwangju.go.kr/www/50?siteId=www&policyId=1269&url=%2Fwww%2Fpolicy%2FgjYgPolicyView,,0,N,19,30,Y,0055003,0043001,0,0,,,,73,6290000,광주시청,6290000,광주시청,6290000,광주시청,"29110,29140,29155,29170,29200",0011009,0013010,0049010,,2026-04-08 11:28:58,2026-04-09 15:12:02,0014010,주거
20260407005400212566,2,003,008,029,0054002,0042005,0044002,광산청년온가 입주자 모집 안내,주거지원,"광산구가 청년의 성공적인 자립과 미래를 위해 준비한 청년 빌드업스테이 광산청년온(溫)가(家)에서 2026년 정기 입주자를 아래와 같이 모집하니
미취업 청년들의 많은 관심과 도전 바랍니다.",주거,주택 및 거주지,"청년의 성공적인 자립과 미래를 위해 준비한 청년 빌드업스테이 광산청년온(溫)가(家)에서 2026년 정기 입주자를 아래와 같이 모집하오니 미취업 청년들의 많은 관심과 도전 바랍니다.


□ 모집개요
❍ 모집대상 : 광주광역시 거주 미취업 청년(만19세 ~ 39세) *임대료 : 입주시 보증금 50만원(퇴거시 환불)외 월임대료 없음
❍ 모집인원 : 총 14명 (남자 8명, 여자 6명)
❍ 모집기간 : 2026. 4. 1.(수) ~ 4. 20.(월) 18:00까지, 20일간
❍ 지원내용
- 독립주거실 : 1인 1호실 독립공간 제공 (각실마다 침대, 냉장고, 에어컨, 인덕션, 화장실 등 구비)
- 자립역량교육 : 건강관리, 마음관리, 대인관계, 생활안정 영역 등
- 취업역량교육 : 취업지원정책연계, 진로탐색, 구직기술, 직무역량 등
❍ 입주기간 : 1년 (연장신청시 최대 1년 연장 가능)
❍ 문의처 062.710.7717(광산청년온가)",6290000,광주시청,청년정책담당자,6290000,광주시청,청년정책담당자,Y,0057001,0056002,        ,        ,연중,"이메일 접수 (youth-onga@naver.com)
      ※ 2026. 4. 20.(월) 18시까지 메일함에 도착하여야 함","서류심사 &apos;26. 4. 21.(화) ~ 4. 22.(수) 
서류심사결과 발표 &apos;26. 4. 22. (수)
면접심사 &apos;26. 4. 23. (목)
선발자 발표 &apos;26. 4. 24. (금)
",https://blog.naver.com/youth-onga/224236625297,"    - 필수 서류 : 입주신청서, 독립계획서, 개인정보수집·이용 및 제3자 제공동의서, 주민등록초본(본인), 범죄사실부존재확인서, 가족관계증명서, 지방세 세목별 과세증명서
    - 기타 서류 : 가점대상자 및 자격증빙 해당 서류",,https://blog.naver.com/youth-onga/224236625297,https://youth.gwangju.go.kr/www/50?siteId=www&policyId=1327&url=%2Fwww%2Fpolicy%2FgjYgPolicyView,0,N,19,39,Y,0055003,0043001,0,0,,,,32,6290000,광주시청,6290000,광주시청,6290000,광주시청,"29110,29140,29155,29170,29200",0011009,0013010,0049010,20260401 ~ 20260420,2026-04-07 16:51:33,2026-04-07 17:08:35,0014010,주거
20260406005400212463,2,003,010,034,0054002,0042013,0044002,(중구) 2026년 중구 청년 이사비 지원사업,주거지원,무주택·주거취약 청년에게 이사비용을 지원하여 주거 안정을 도모하고 중구 청년의 지역정착을 촉진,주거,주택 및 거주지,"생애 1회, 이사비 최대 40만원 실비 지원 
※ 이사비 및 중개보수비에 실제 소요된 비용만 지원하며, 청소비는 제외",3490242,인천광역시 중구 주민생활국 경제산업과,유환섭,3490242,인천광역시 중구 주민생활국 경제산업과,유환섭,Y,0057001,0056001,20260201,20261130,,"온라인 신청만 가능 
인천청년정책포털 ⇒ 인천청년정책 ⇒ 중구로 지역 설정 후 검색 ⇒ 이사비 지원",,https://youth.incheon.go.kr/youthpolicy/youthPolicyInfoDetail.do?poly_seq=395,"청년 이사비 지원 사업 신청서(필수)
개인정보수집이용 등 동의서(필수)
주민등록등본 1부 (전입일 이후 발급분)(필수)
가족관계증명서 1부 (신청월 발급분)(필수)
건강보험 납부확인서 가구원 모두 각 1부(*본인이 피부양자일 경우, 부양자의 납부확인서 1부) (신청월 발급분)(필수)
임대차계약서 사본 1부(필수)
이사비 및 중개보수 지출 증빙서류(카드영수증, 계좌이체내역, 이사업체 사업자등록증 등)(필수)
지방세 세목별 미과세 증명서 1부(발급기준 : 전국 / 재산세(주택)·취득세(부동산) / 2025~2026년도) - 위택스(www.wetax.go.kr)에서 발급(필수)
본인명의 통장사본 1부(필수)
건강보험 자격득실확인서 1부 (본인이 피부양자일 경우, 신청월 발급분)(선택)
입실확인서(고시원, 게스트 하우스 등 임대차 계약서가 없는 경우)(선택)
임대사업자등록증 사본(고시원, 게스트 하우스 등 임대차 계약서가 없는 경우)(선택)
추가서류(필요시)(선택)","자세한 사항은 아래 참고사이트를 확인하시기 바랍니다.
중구청 홈페이지>참여소식>공지사항>""청년 이사비"" 검색",https://www.icjg.go.kr/krcm01b/282987?curPage=1,,25,N,19,39,Y,0055003,0043003,0,0,(소득기준) 기준 중위소득 120% 이하 가구,,"○ 주택 소유자
○ 임대차계약서상 임차인이 신청자 본인이 아닌 경우
○ 임대인이 신청인이거나 신청인 및 배우자의 직계존속인 경우
○ 동일 이사 건에 대해 중앙 또는 타 지자체에서 지원 받은 경우
○ 사회보장시설 입소자 등 시설수급자 또는 주거급여 수급자
○ 임대차 계약 기간이 1년 미만인 경우
○ 기타 사업 취지에 부합하지 않다고 판단되는 경우",7,6286763,인천광역시 청년정책담당관,000000 ,인천광역시,6280000,인천광역시,28110,0011009,0013010,0049010,20260201 ~ 20261130,2026-04-06 11:20:00,2026-04-08 15:00:24,0014010,주거
20260406005400212411,2,003,009,030,0054002,0042006,0044002,(중구) 인천시 청년월세 지원사업,"주거지원,보조금",경제적 어려움을 겪는 청년들의 주거비용 부담 경감,주거,전월세 및 주거급여 지원,"○ 지원금액 : 1인 월 20만원씩, 최대 24개월(회) 월세 지원(기존 지원횟수 포함 한사람당 최대 24회 지급 가능)
- 실제 납부하는 월세의 최대 20만원까지 지원(임차보증금, 관리비 등은 제외)
○ 지 급 일 : 매월 25일 현금으로 지급
- 토요일이거나 공휴일인 경우에는 그 전날 지급
- 신규 신청자의 경우 선정된 이후 5월분 월세부터 소급 지원하며, 변경 신청자의 경우 신청월부터 가산하여 소급 지원
○ 주거급여 수급자인 경우 전월(20일)에 지급한 주거급여를 차감하고 지급",6286763,인천광역시 청년정책담당관,이민수,3490242,인천광역시 중구 주민생활국 경제산업과,김나현,Y,0057001,0056001,20260330,20260529,,"[2026년 신청연령]
(19세 ~ 34세(1991년~2007년)) 복지로를 통한 온라인신청 및 관할 행정복지센터 방문 신청
(35세 ~ 39세(1986년~1990년)) 인천청년포털을 통한 온라인신청 또는 관할 행정복지센터 방문 신청
※ 39세 이상 의무복무 제대군인의 경우, 군복무 기간을 고려하여 신청 가능 연령을 연장
- 군복무 기간이 1년 미만인 경우 1세 연장(1985년생)
- 군복무 기간이 1년이상~2년 미만인 경우 2세 연장(1984년생) 
- 군복무 기간이 2년 이상인 경우 3세 연장(1983년생)",,,"월세지원 신청(변경)서(필수)
소득·재산 신고서(필수)
서약서(필수)
임대차계약서(확정일자 날인) 사본(필수)
월세이체 증빙 서류(최근 3개월)(받는분, 보내는분, 날짜, 금액 명시) *최근 계약시 최소1개월(회) 이상(필수)
(월세지급을 위한) 통장사본(필수)
신청자 기준 가족관계증명서 (상세, 주민등록번호 공개)(필수)
부/모(각각) 기준 가족관계증명서 (상세, 주민등록번호 공개)(필수)
(혼인한 경우 필수 제출) 배우자 기준 가족관계증명서 및 배우자 부모의 가족관계증명서 (상세, 주민등록번호 공개)(선택)
신분증 (방문신청시 필수지참)(선택)",-,https://youth.incheon.go.kr/bbs/bbsMsgDetail.do?msg_seq=45&bcd=notice,,0,N,35,39,Y,0055003,0043003,0,0,(청년독립가구) 기준 중위소득 60%이하 (원가구) 기준 중위소득 100% 이하,"◎ 소득 : (청년독립가구) 기준 중위소득 60%이하 (원가구) 기준 중위소득 100% 이하 (자세한 내용은 FAQ참고)
◎ 재산 : (청년독립가구) 재산 122백만원 이하 (원가구) 재산 470백만원 이하
◎ 주택 : 전입신고 필수 ※ 기존 월세 임차보증금 5천만원 및 월세 70만원 이하 요건 폐지(2024.4.12.~)]
※ 제출된 신청서를 토대로 공적자료 조회(조사시점 기준 적용)
◎ 가구구성 방법
(청년독립가구) 청년 + 배우자 + 직계비속 + 동일 주소지에 거주하는 그 외 「민법」상 가족
*(원가구) 청년독립가구 + 1촌 이내 직계혈족(부,모)
*(가족의 범위, 민법§779) ❶배우자, 직계혈족 및 형제자매, ❷직계혈족의 배우자, 배우자의 직계혈족 및 배우자의 형제자매(생계를 같이하는 경우에 한함)
※ 원가구(부모님) 소득·재산 미고려 : ➀30세 이상, ➁혼인(이혼), ➂미혼부·모, ➃30세 미만 미혼 청년의 소득이 중위소득 50% 이상으로 생계를 달리한다고 구청장이 인정하는 경우 등★청년월세 지원사업 질의응답(FAQ) 안내 : 인천청년포털-주거복지-청년월세지원사업-FAQ 확인
◎자가진단서비스 사전 실시
- 복지로(www.bokj","○부모와 함께 거주(원가구와 세대분리하지 않은 자)하는 경우
○주택 소유자(분양권, 입주권 포함)
○직계존속, 형제, 자매 등 2촌 이내 주택을 임차한 경우(배우자의 2촌 이내 혈족 포함)
○공공주택특별법에 따른 공공임대주택 거주자
○1실(방)에 다수가 거주하는 방식의 전대차인 경우
○국토부 또는 지자체에서 시행하는 월세지원 수혜 중 인자 등(수혜종료 후 신청가능)
○기존 청년월세 한시 특별지원에서 24회를 모두 지원받은 사람 등",8,6286763,인천광역시 청년정책담당관,000000 ,인천광역시,6280000,인천광역시,28110,0011009,0013010,0049010,20260330 ~ 20260529,2026-04-06 10:47:52,2026-04-07 15:52:09,0014010,주거
20260330005400212325,2,003,008,029,0054002,0042001,0044002,청년인큐베이팅공유공간 운영,주거지원,"교육공간 및 사무공간, 실험실 등 운영 지원",주거,주택 및 거주지,"ㅇ (목적) 청년창업가 인큐베이팅 지원
ㅇ (대상) 지역 청년
ㅇ (주요내용) 교육공간 및 사무공간, 실험실 등 운영 지원
ㅇ (전달체계) 군-위탁단체-지역청년",5150215,경상북도 의성군 관광복지국,,       ,,,N,0057002,0056001,20260101,20261231,,,,,,,https://www.usc.go.kr/youth/page.do?mnu_uid=2022&,,0,N,19,45,N,0055003,0043001,0,0,,,,165,5150215,경상북도 의성군 관광복지국,5150000,경상북도 의성군,6470000,경상북도,"11110,11140,11170,11200,11215,11230,11260,11290,11305,11320,11350,11380,11410,11440,11470,11500,11530,11545,11560,11590,11620,11650,11680,11710,11740,26110,26140,26170,26200,26230,26260,26290,26320,26350,26380,26410,26440,26470,26500,26530,26710,27110,27140,27170,27200,27230,27260,27290,27710,27720,28110,28140,28177,28185,28200,28237,28245,28260,28710,28720,29110,29140,29155,29170,29200,30110,30140,30170,30200,30230,31110,31140,31170,31200,31710,36110,41111,41113,41115,41117,41131,41133,41135,41150,41171,41173,41192,41194,41196,41210,41220,41250,41271,41273,41281,41285,41287,41290,41310,41360,41370,41390,41410,41430,41450,41461,41463,41465,41480,41500,41550,41570,41591,41593,41595,41597,41610,41630,41650,41670,41800,41820,41830,43111,43112,43113,43114,43130,43150,43720,43730,43740,43745,43750,43760,43770,43800,44131,44133,44150,44180,44200,44210,44230,44250,44270,44710,44760,44770,44790,44800,44810,44825,46110,46130,46150,46170,46230,46710,46720,46730,46770,46780,46790,46800,46810,46820,46830,46840,46860,46870,46880,46890,46900,46910,47111,47113,47130,47150,47170,47190,47210,47230,47250,47280,47290,47730,47750,47760,47770,47820,47830,47840,47850,47900,47920,47930,47940,48121,48123,48125,48127,48129,48170,48220,48240,48250,48270,48310,48330,48720,48730,48740,48820,48840,48850,48860,48870,48880,48890,50110,50130,51110,51130,51150,51170,51190,51210,51230,51720,51730,51750,51760,51770,51780,51790,51800,51810,51820,51830,52111,52113,52130,52140,52180,52190,52210,52710,52720,52730,52740,52750,52770,52790,52800",0011009,0013010,0049010,,2026-03-30 12:50:26,2026-04-01 16:45:11,0014010,주거
20260330005400212324,2,003,008,029,0054002,0042001,0044002,청년키움지원센터 운영,주거지원,"공유오피스 및 책방, 카페 운영 지원",주거,주택 및 거주지,"ㅇ (목적) 청년창업 공유공간으로 공유오피스 및 휴식과 소통의 공간으로 운영
ㅇ (대상) 지역 청년
ㅇ (주요내용) 공유오피스 및 책방, 카페 운영 지원
ㅇ (전달체계) 군-위탁단체-지역청년",5150215,경상북도 의성군 관광복지국,,       ,,,N,0057002,0056001,20260101,20261231,,,,,,,https://www.usc.go.kr/youth/page.do?mnu_uid=2021&,,0,N,19,45,N,0055003,0043001,0,0,,,,954,5150215,경상북도 의성군 관광복지국,5150000,경상북도 의성군,6470000,경상북도,"11110,11140,11170,11200,11215,11230,11260,11290,11305,11320,11350,11380,11410,11440,11470,11500,11530,11545,11560,11590,11620,11650,11680,11710,11740,26110,26140,26170,26200,26230,26260,26290,26320,26350,26380,26410,26440,26470,26500,26530,26710,27110,27140,27170,27200,27230,27260,27290,27710,27720,28110,28140,28177,28185,28200,28237,28245,28260,28710,28720,29110,29140,29155,29170,29200,30110,30140,30170,30200,30230,31110,31140,31170,31200,31710,36110,41111,41113,41115,41117,41131,41133,41135,41150,41171,41173,41192,41194,41196,41210,41220,41250,41271,41273,41281,41285,41287,41290,41310,41360,41370,41390,41410,41430,41450,41461,41463,41465,41480,41500,41550,41570,41591,41593,41595,41597,41610,41630,41650,41670,41800,41820,41830,43111,43112,43113,43114,43130,43150,43720,43730,43740,43745,43750,43760,43770,43800,44131,44133,44150,44180,44200,44210,44230,44250,44270,44710,44760,44770,44790,44800,44810,44825,46110,46130,46150,46170,46230,46710,46720,46730,46770,46780,46790,46800,46810,46820,46830,46840,46860,46870,46880,46890,46900,46910,47111,47113,47130,47150,47170,47190,47210,47230,47250,47280,47290,47730,47750,47760,47770,47820,47830,47840,47850,47900,47920,47930,47940,48121,48123,48125,48127,48129,48170,48220,48240,48250,48270,48310,48330,48720,48730,48740,48820,48840,48850,48860,48870,48880,48890,50110,50130,51110,51130,51150,51170,51190,51210,51230,51720,51730,51750,51760,51770,51780,51790,51800,51810,51820,51830,52111,52113,52130,52140,52180,52190,52210,52710,52720,52730,52740,52750,52770,52790,52800",0011009,0013010,0049010,,2026-03-30 12:48:34,2026-04-01 16:44:32,0014010,주거
20260330005400212322,2,003,008,029,0054002,0042001,0044002,청춘어람 운영,주거지원,복합문화공간 및공유업무공간 운영 지원,주거,주택 및 거주지,"ㅇ (목적) 청년복합문화센터로 청년들의 안정적인 정주 기회 제공
ㅇ (대상) 지역 청년
ㅇ (주요내용) 복합문화공간 및공유업무공간 운영 지원
ㅇ (전달체계) 군-위탁단체-지역청년",5150215,경상북도 의성군 관광복지국,,       ,,,N,0057002,0056001,20260101,20261231,,,,,,,https://www.usc.go.kr/youth/page.do?mnu_uid=2020&,,0,N,19,45,N,0055003,0043001,0,0,,,,325,5150215,경상북도 의성군 관광복지국,5150000,경상북도 의성군,6470000,경상북도,"11110,11140,11170,11200,11215,11230,11260,11290,11305,11320,11350,11380,11410,11440,11470,11500,11530,11545,11560,11590,11620,11650,11680,11710,11740,26110,26140,26170,26200,26230,26260,26290,26320,26350,26380,26410,26440,26470,26500,26530,26710,27110,27140,27170,27200,27230,27260,27290,27710,27720,28110,28140,28177,28185,28200,28237,28245,28260,28710,28720,29110,29140,29155,29170,29200,30110,30140,30170,30200,30230,31110,31140,31170,31200,31710,36110,41111,41113,41115,41117,41131,41133,41135,41150,41171,41173,41192,41194,41196,41210,41220,41250,41271,41273,41281,41285,41287,41290,41310,41360,41370,41390,41410,41430,41450,41461,41463,41465,41480,41500,41550,41570,41591,41593,41595,41597,41610,41630,41650,41670,41800,41820,41830,43111,43112,43113,43114,43130,43150,43720,43730,43740,43745,43750,43760,43770,43800,44131,44133,44150,44180,44200,44210,44230,44250,44270,44710,44760,44770,44790,44800,44810,44825,46110,46130,46150,46170,46230,46710,46720,46730,46770,46780,46790,46800,46810,46820,46830,46840,46860,46870,46880,46890,46900,46910,47111,47113,47130,47150,47170,47190,47210,47230,47250,47280,47290,47730,47750,47760,47770,47820,47830,47840,47850,47900,47920,47930,47940,48121,48123,48125,48127,48129,48170,48220,48240,48250,48270,48310,48330,48720,48730,48740,48820,48840,48850,48860,48870,48880,48890,50110,50130,51110,51130,51150,51170,51190,51210,51230,51720,51730,51750,51760,51770,51780,51790,51800,51810,51820,51830,52111,52113,52130,52140,52180,52190,52210,52710,52720,52730,52740,52750,52770,52790,52800",0011009,0013010,0049010,,2026-03-30 12:43:02,2026-04-01 16:42:26,0014010,주거
20260330005400212321,2,003,008,029,0054002,0042001,0044002,의성푸드빌리지 운영,주거지원,청년외식창업공간 운영 지원,주거,주택 및 거주지,"ㅇ (목적) 지역내 청년의 창업지원 역량 및 전문성 강화를 위한 청년외식창업공동체 공간 운영
ㅇ (대상) 지역 청년
ㅇ (주요내용) 청년외식창업공간 운영 지원
ㅇ (전달체계) 군-위탁단체-지역청년",5150215,경상북도 의성군 관광복지국,,       ,,,N,0057002,0056001,20260101,20261231,,,,,,,https://www.usc.go.kr/youth/page.do?mnu_uid=2019&,,0,N,19,45,N,0055003,0043001,0,0,,,,72,5150215,경상북도 의성군 관광복지국,5150000,경상북도 의성군,6470000,경상북도,"11110,11140,11170,11200,11215,11230,11260,11290,11305,11320,11350,11380,11410,11440,11470,11500,11530,11545,11560,11590,11620,11650,11680,11710,11740,26110,26140,26170,26200,26230,26260,26290,26320,26350,26380,26410,26440,26470,26500,26530,26710,27110,27140,27170,27200,27230,27260,27290,27710,27720,28110,28140,28177,28185,28200,28237,28245,28260,28710,28720,29110,29140,29155,29170,29200,30110,30140,30170,30200,30230,31110,31140,31170,31200,31710,36110,41111,41113,41115,41117,41131,41133,41135,41150,41171,41173,41192,41194,41196,41210,41220,41250,41271,41273,41281,41285,41287,41290,41310,41360,41370,41390,41410,41430,41450,41461,41463,41465,41480,41500,41550,41570,41591,41593,41595,41597,41610,41630,41650,41670,41800,41820,41830,43111,43112,43113,43114,43130,43150,43720,43730,43740,43745,43750,43760,43770,43800,44131,44133,44150,44180,44200,44210,44230,44250,44270,44710,44760,44770,44790,44800,44810,44825,46110,46130,46150,46170,46230,46710,46720,46730,46770,46780,46790,46800,46810,46820,46830,46840,46860,46870,46880,46890,46900,46910,47111,47113,47130,47150,47170,47190,47210,47230,47250,47280,47290,47730,47750,47760,47770,47820,47830,47840,47850,47900,47920,47930,47940,48121,48123,48125,48127,48129,48170,48220,48240,48250,48270,48310,48330,48720,48730,48740,48820,48840,48850,48860,48870,48880,48890,50110,50130,51110,51130,51150,51170,51190,51210,51230,51720,51730,51750,51760,51770,51780,51790,51800,51810,51820,51830,52111,52113,52130,52140,52180,52190,52210,52710,52720,52730,52740,52750,52770,52790,52800",0011009,0013010,0049010,,2026-03-30 12:41:06,2026-04-01 16:41:57,0014010,주거
20260326005400212288,2,003,010,035,0054002,0042013,0044002,2026년 평택시 청년 전월세 중개보수료 감면사업,주거지원,1. 청년들에게 중개보수료 감면을 통한 경제적 부담 완화 및 부동산 관련 정보 제공,주거,주택 및 거주지,"평택시 거주 또는 전입 예정인 19~39세 이하 청년 1인 가구에 전월세 임차계약 시 중개보수료 20% 감면 및 부동산 계약 관련 정보 제공
(재능기부 공인중개사사무소 직접 방문)",3910394,경기도 평택시 기획항만경제실,,       ,,,Y,0057002,0056001,20260101,20261231,,"시 홈페이지 > 알림마당 > 시정소식 > 평택소식 > 검색 : 청년 전월세 중개보수료 감면사업에서
재능기부 업체 확인 및 방문",,,,,https://www.pyeongtaek.go.kr/,,0,N,19,39,N,0055003,0043001,0,0,,,환산보증금 1억원 이상 제한,122,3910000,경기도 평택시,6410000,경기도,6410000,경기도,41220,0011009,0013010,0049010,,2026-03-26 10:17:51,2026-03-27 17:38:56,0014010,주거
20260326005400212287,2,003,009,030,0054002,0042006,0044002,2026년 평택시 청년 월세 지원,주거지원,평택시에 거주하는 1인 가구 청년의 주거비 부담 완화 및 사회진입 지원,주거,전월세 및 주거급여 지원,"(사업기간) 연중
(사업대상) 기준중위소득 120%이하 평택시 거주 19세~39세 이하 1인 가구 청년
 임차보증금 9,000만 원 이하 및 월세 50만 원 이하 세입 거주자
※ 1인 가구 기준중위소득 120% : 월 3,077,086원(2026년 기준)
(사 업 량) 100명
(신청방법) 관할 행정복지센터 방문 또는 메일, 등기 우편 신청
(지원금액) 월 20만 원 월세 지원(최대 12개월/ 240만 원, 생애 1회)
(지원방법) 월 임대료 납입 증빙 후 계좌 입금
(선정방법) 소득, 임차보증금, 차량시가표준액 낮은 금액 순으로 선발 ",3910394,경기도 평택시 기획항만경제실,,       ,,,N,0057001,0056001,20260101,20261231,,관할 읍면동 행정복지센터 방문 신청,최종선정 공고 및 개별 통보,https://www.pyeongtaek.go.kr/,"- 신청서 및 개인정보 동의서
- 등본
- 가족관계증명서
- 본인신용정보조회서
- 확정일자가 날인된 임대차계약서 사본
- 주택 임대차 계약 신고필증
- 건강보험 확인서류
- 지방세 세목별 과세증명서(전국)",,https://www.pyeongtaek.go.kr/,,100,N,19,39,N,0055003,0043003,0,0,"기준중위소득 120% 이하(3,077,086원)",,"○ 주택 소유자, 분양권 또는 조합원 입주권이 있는 사람
○ 일반재산(토지, 건축물, 보증금, 차량시가표준액) 총액 9천만원을 초과하는 사람
    ※ 임차보증금 중 공공이 아닌 일반 금융기관 임차보증금 대출금액은 차감
       (위의 사실을 확인할 수 있는 금융거래증명서를 제출한 경우)
○ 차량시가표준액 2,500만원 이상의 자동차를 소유한 사람
○ 기초 생계·의료·주거급여 대상자(교육급여 대상자는 신청 가능)
○ 공공주거사업(행복주택, 임대주택, 공적 대출, 청년월세 한시 특별지원 등) 참여자
○ 임대인이 신청인의 부모(동거인 포함)인 경우
○ 기타 사업 취지에 부합하지 않다고 판단되는 경우
  ※ ‘사업’ 신청일 이전 공공주거사업 참여를 종료 또는 중지한 경우 신청 가능",491,3910000,경기도 평택시,6410000,경기도,6410000,경기도,41220,0011009,0013010,0049010,20260406 ~ 20260417,2026-03-26 10:13:05,2026-03-30 17:15:43,0014010,주거
20260325005400212276,2,003,008,029,0054002,0042001,0044002,청년단기주거공간 운영(금강장),주거지원,체류형 사업 참여자 및 지역청년 단기주거 지원,주거,주택 및 거주지,"ㅇ (목적) 유입초기 청년 주거 지원
ㅇ (주요내용) 체류형 사업 참여자 및 지역청년 단기주거 지원
ㅇ (전달체계) 군-위탁단체-지역청년",5150215,경상북도 의성군 관광복지국,,       ,,,N,0057002,0056001,20260101,20261231,,,,,,,https://www.usc.go.kr/youth/page.do?mnu_uid=2731&,,0,N,19,45,N,0055003,0043001,0,0,,,,508,5150215,경상북도 의성군 관광복지국,5150000,경상북도 의성군,6470000,경상북도,"11110,11140,11170,11200,11215,11230,11260,11290,11305,11320,11350,11380,11410,11440,11470,11500,11530,11545,11560,11590,11620,11650,11680,11710,11740,26110,26140,26170,26200,26230,26260,26290,26320,26350,26380,26410,26440,26470,26500,26530,26710,27110,27140,27170,27200,27230,27260,27290,27710,27720,28110,28140,28177,28185,28200,28237,28245,28260,28710,28720,29110,29140,29155,29170,29200,30110,30140,30170,30200,30230,31110,31140,31170,31200,31710,36110,41111,41113,41115,41117,41131,41133,41135,41150,41171,41173,41192,41194,41196,41210,41220,41250,41271,41273,41281,41285,41287,41290,41310,41360,41370,41390,41410,41430,41450,41461,41463,41465,41480,41500,41550,41570,41591,41593,41595,41597,41610,41630,41650,41670,41800,41820,41830,43111,43112,43113,43114,43130,43150,43720,43730,43740,43745,43750,43760,43770,43800,44131,44133,44150,44180,44200,44210,44230,44250,44270,44710,44760,44770,44790,44800,44810,44825,46110,46130,46150,46170,46230,46710,46720,46730,46770,46780,46790,46800,46810,46820,46830,46840,46860,46870,46880,46890,46900,46910,47111,47113,47130,47150,47170,47190,47210,47230,47250,47280,47290,47730,47750,47760,47770,47820,47830,47840,47850,47900,47920,47930,47940,48121,48123,48125,48127,48129,48170,48220,48240,48250,48270,48310,48330,48720,48730,48740,48820,48840,48850,48860,48870,48880,48890,50110,50130,51110,51130,51150,51170,51190,51210,51230,51720,51730,51750,51760,51770,51780,51790,51800,51810,51820,51830,52111,52113,52130,52140,52180,52190,52210,52710,52720,52730,52740,52750,52770,52790,52800",0011009,0013010,0049010,,2026-03-25 17:55:51,2026-03-27 17:08:06,0014010,주거
20260325005400212275,2,003,008,029,0054002,0042001,0044002,청년복합주거공간 운영(금수장),주거지원,청년 대상 숙박공간 및 워케이션 프로그램 제공,주거,주택 및 거주지,"ㅇ (목적) 공유공간과 숙박공간이 분리된 복합주거공간 운영
ㅇ (주요내용) 청년 대상 숙박공간 및 워케이션 프로그램 제공
ㅇ (전달체계) 군-위탁단체-지역청년",5150215,경상북도 의성군 관광복지국,,       ,,,N,0057002,0056001,20260101,20261231,,,,,,,https://www.usc.go.kr/youth/page.do?mnu_uid=2024&,,0,N,19,45,N,0055003,0043001,0,0,,,,609,5150215,경상북도 의성군 관광복지국,5150000,경상북도 의성군,6470000,경상북도,"11110,11140,11170,11200,11215,11230,11260,11290,11305,11320,11350,11380,11410,11440,11470,11500,11530,11545,11560,11590,11620,11650,11680,11710,11740,26110,26140,26170,26200,26230,26260,26290,26320,26350,26380,26410,26440,26470,26500,26530,26710,27110,27140,27170,27200,27230,27260,27290,27710,27720,28110,28140,28177,28185,28200,28237,28245,28260,28710,28720,29110,29140,29155,29170,29200,30110,30140,30170,30200,30230,31110,31140,31170,31200,31710,36110,41111,41113,41115,41117,41131,41133,41135,41150,41171,41173,41192,41194,41196,41210,41220,41250,41271,41273,41281,41285,41287,41290,41310,41360,41370,41390,41410,41430,41450,41461,41463,41465,41480,41500,41550,41570,41591,41593,41595,41597,41610,41630,41650,41670,41800,41820,41830,43111,43112,43113,43114,43130,43150,43720,43730,43740,43745,43750,43760,43770,43800,44131,44133,44150,44180,44200,44210,44230,44250,44270,44710,44760,44770,44790,44800,44810,44825,46110,46130,46150,46170,46230,46710,46720,46730,46770,46780,46790,46800,46810,46820,46830,46840,46860,46870,46880,46890,46900,46910,47111,47113,47130,47150,47170,47190,47210,47230,47250,47280,47290,47730,47750,47760,47770,47820,47830,47840,47850,47900,47920,47930,47940,48121,48123,48125,48127,48129,48170,48220,48240,48250,48270,48310,48330,48720,48730,48740,48820,48840,48850,48860,48870,48880,48890,50110,50130,51110,51130,51150,51170,51190,51210,51230,51720,51730,51750,51760,51770,51780,51790,51800,51810,51820,51830,52111,52113,52130,52140,52180,52190,52210,52710,52720,52730,52740,52750,52770,52790,52800",0011009,0013010,0049010,,2026-03-25 17:45:14,2026-03-27 17:07:36,0014010,주거
20260319005400112218,2,003,009,030,0054001,0042006,0044002,(국토부) 26년 청년월세 지원사업,"보조금,주거지원",고금리·고물가 등으로 경제적 어려움을 겪는 청년층의 주거비 부담 경감을 위해 월 최대 20만원씩 최장 24개월간 월세를 지원합니다(생애 1회).,주거,전월세 및 주거급여 지원,"월세로 거주하는 청년을 대상으로 실제 납부하는 임대료를 최대 480만원(월 최대 20만원)까지 최대 24개월(회) 동안 매월 분할하여 지원합니다.
○ 실제 월세 범위 내에서 지원하며, 임차보증금, 관리비 등은 제외 후 지원합니다.
○ 주거급여 수급자의 경우 주거급여액 중 월차임분(청년 주거급여 분리지급액 포함)을 차감한 금액만 지원합니다.
○ 방학기간 등으로 수급기간이 연속적이지 않더라도 지급기간 내 24개월(회)분을 지원합니다.

지급기간 : ~2028년 12월
○ 2026년 신규 수혜자는 2028년 12월까지 지원
○ 2026년에 선정된 이후 지급 중지 등으로 인해 '28년까지 24개월(회) 지원을 다 못받았다면, '29년 이후 정기 신청기간에 재신청(소득, 재산 재심사)하여 선정될 때 지원을 재개하고 잔여횟수만 지원",1613000,국토교통부,,       ,,,N,0057001,0056001,20260901,20281231,,"주소지 관할 주민센터에 청년 본인이 방문하거나 복지로(bokjiro.go.kr)에서 온라인으로 신청이 가능합니다.
○ 방문 신청 시 청년 본인이 신청하는 것이 원칙이나, 불가피한 경우 대리인(①법정대리인 ②주민등록상 동일 세대원(동거인 제외) ③동일 세대원이 아닌 배우자 및 직계존·비속)도 신청이 가능하며, 해당 경우에도 월세는 청년 본인 계좌로 지급됩니다.
※ 대리인 신청 시 위임장, 대리인 신분증(주민등록증, 운전면허증, 여권 등)을 지참 후 방문
※ 단, 압류방지통장으로 입금은 불가하며, 본인 명의의 계좌 개설이 곤란한 경우 등은 기초생활보장제도 계좌관리 원칙에 따름

복지로 온라인신청 경로는 다음과 같습니다.
○ 복지로 로그인 > 서비스 신청 > 복지서비스 신청 > 복지급여 신청 > 기타 > 청년월세지원","신청은 '26년 3월 30일 09:00부터 '26년 5월 29일 16:00까지 가능하며, 지자체에서 소득·재산 요건 검증을 거쳐 9월에 선정자 공지 및 월세 지원이 이뤄질 예정입니다.",https://bokjiro.go.kr,"월세지원 신청서, 소득·재산 신고서, 임대차계약서 및 최근 3개월간 월세 이체 증빙서류, 통장 사본, 가족관계증명서 등","청년가구 소득·재산평가액 산정 기준은 다음과 같습니다.

○ 소득평가액이 「국민기초생활 보장법」 제2조제11호에 따른 기준 중위소득의 60% 이하
- 소득평가액 = ①근로소득 + ②사업소득 + ③재산소득 + ④공적이전소득 - ⑤근로·사업소득공제

○ 일반재산, 자동차 등의 재산에 관하여 총재산가액이 1.22억원 이하
- 총재산가액 = ⑥일반재산가액 + ⑦자동차가액 - ⑧부채(임차보증금 마련 용도의 부채만 인정)

원가구 소득·재산평가액 산정 기준은 다음과 같습니다.

○ 소득평가액이 「국민기초생활 보장법」 제2조제11호에 따른 기준 중위소득의 100% 이하
- 소득평가액 = ①근로소득 + ②사업소득 + ③재산소득 + ④공적이전소득 - ⑤근로·사업소득공제

○ 일반재산, 자동차 등의 재산에 관하여 총재산가액이 4.7억원 이하
- 총재산가액 = ⑥일반재산가액 + ⑦자동차가액 - ⑧부채(주택구입·임차보증금 마련 용도의 부채만 인정)

참고
① (근로소득) 상시근로자소득
② (사업소득) 기타사업소득
③ (재산소득) 임대소득, 이자소득
④ (공적이전소득) 국민연금급여, 사학퇴직연금급여, 공무원퇴직연금급여, 군인퇴직연금급여, 별정우체국연금, 산재보험급여(휴업급여, 장해급여, 유족급여, 상병보상금), 실업급여
⑤ (근로소득공제) 근로·사업소득 30%
⑥ (일반재산) 건축물(건물, 시설물, 기타), 주택, 토지(밭, 논, 대지, 임야, 기타), 임차보증금(전월세보증금, 상가보증금), 선박, 항공기, 회원권(골프, 콘도미니엄, 승마, 종합체육시설이용, 요트)
⑦ (자동차) 자동차가액
⑧ (부채) 다음에 따른 공적서류를 제출한 경우에만 인정
- 대출금: 금융기관 대출금, 금융기관이 아닌 기관 대출금
- 공공기관 대출금: 농지연금 등
※ 주택구입, 임차보증금 마련 용도의 부채만 인정
※ 취득한 주택의 등기사항 증명서 상 소유권 이전등기 접수일로부터 3개월 이내 대출한 자금의 경우 주택구입자금으로 인정",https://www.bokjiro.go.kr/ssis-tbu/ssis-tbu/twataa/wlfareInfo/moveTWAT52011M.do?wlfareInfoId=WLF00004661,https://www.youthcenter.go.kr/bbs03View/10003/10455,60000,N,19,34,N,0055003,0043003,0,0,하단참고,"19세~34세 독립거주 무주택 청년 중 청년가구 소득이 기준 중위소득 60% 이하이면서, 원가구 소득이 중위소득 100% 이하인 청년을 지원합니다.
※ ①30세 이상, ②혼인(이혼), ③미혼부·모, ④30세 미만 미혼 청년의 소득이 중위소득 50% 이상으로 생계를 달리한다고 시·군·구청장이 인정하는 경우 등은 원가구 소득 미고려

○ (청년가구) 청년 + 배우자 + 직계비속 + 동일 주소지에 거주하는 그 외 민법상 가족
○ (원가구) 청년독립가구 + 1촌이내 직계혈족(부·모)","○ 주택 소유자(분양권, 입주권 포함)
○ 직계존속·형제·자매 등 2촌 이내 혈족(배우자의 2촌 이내 혈족 포함) 주택 임차
○ 공공주택특별법에 따른 공공임대주택(공무원임대주택 포함) 거주
○ 1실(방)에 다수가 거주하는 방식의 전대차인 경우 단, 1실에 다수가 거주하는 경우라도 임대인과 별도 임대차계약 체결 시 지원 가능
○ 국토부 또는 지자체에서 시행하는 청년월세 지원사업 중복 수혜중인 자(수혜종료 후 신청 가능) 등
○ 과거 ‘청년월세 한시 특별지원사업’에 선정되어 이미 24개월을 수혜받은 자 등",16866,B551904,한국고용정보원,B000000,정부산하기관및위원회,B000000,정부산하기관및위원회,"11110,11140,11170,11200,11215,11230,11260,11290,11305,11320,11350,11380,11410,11440,11470,11500,11530,11545,11560,11590,11620,11650,11680,11710,11740,26110,26140,26170,26200,26230,26260,26290,26320,26350,26380,26410,26440,26470,26500,26530,26710,27110,27140,27170,27200,27230,27260,27290,27710,27720,28110,28140,28177,28185,28200,28237,28245,28260,28710,28720,29110,29140,29155,29170,29200,30110,30140,30170,30200,30230,31110,31140,31170,31200,31710,36110,41111,41113,41115,41117,41131,41133,41135,41150,41171,41173,41192,41194,41196,41210,41220,41250,41271,41273,41281,41285,41287,41290,41310,41360,41370,41390,41410,41430,41450,41461,41463,41465,41480,41500,41550,41570,41591,41593,41595,41597,41610,41630,41650,41670,41800,41820,41830,43111,43112,43113,43114,43130,43150,43720,43730,43740,43745,43750,43760,43770,43800,44131,44133,44150,44180,44200,44210,44230,44250,44270,44710,44760,44770,44790,44800,44810,44825,46110,46130,46150,46170,46230,46710,46720,46730,46770,46780,46790,46800,46810,46820,46830,46840,46860,46870,46880,46890,46900,46910,47111,47113,47130,47150,47170,47190,47210,47230,47250,47280,47290,47730,47750,47760,47770,47820,47830,47840,47850,47900,47920,47930,47940,48121,48123,48125,48127,48129,48170,48220,48240,48250,48270,48310,48330,48720,48730,48740,48820,48840,48850,48860,48870,48880,48890,50110,50130,51110,51130,51150,51170,51190,51210,51230,51720,51730,51750,51760,51770,51780,51790,51800,51810,51820,51830,52111,52113,52130,52140,52180,52190,52210,52710,52720,52730,52740,52750,52770,52790,52800",0011009,0013010,0049010,20260330 ~ 20260529,2026-03-19 10:47:38,2026-03-19 11:26:40,0014010,주거
20260318005400212197,2,003,009,030,0054002,0042009,0044002,2026년 군포시 신혼부부 및 청년 전월세 보증금 대출이자 지원,주거지원,군포시에 정착하는 신혼부부와 청년의 주거비 부담 완화를 통해 자립기반을 강화하고 안정된 거주여건을 조성,주거,전월세 및 주거급여 지원," ○ 지원내용 
  - 신혼부부: 전월세 보증금 대출잔액의 2%, 가구당 최대 300만원(1회/1년)
                예) 대출잔액이 2억원인 경우, 2%가 300만원을 초과하므로 300만원 지원
  - 청    년: 전월세 보증금 대출잔액의 1%, 가구당 최대 100만원(1회/1년)
                   예) 대출잔액이 2억원인 경우, 1%가 100만원을 초과하므로 100만원 지원
 ○ 지원금액 : 신혼부부 최대 300만원, 청년 최대 100만원
    ※ 금년도 예산 집행잔액 범위 내 지원
 ○ 지급방식: 신청서에 작성한 신청인 계좌로 입금 
 ○ 지급시기: 2026년 4월 중",4020000,경기도 군포시,김선영,       ,,,N,0057001,0056001,20260309,20260430,,방문 신청(관할 동 행정복지센터),"○ 예산 범위 내에서 지원하며, 예산 초과하는 경우 우선순위 결정 배점표를 통해 지원 결정
○ 통보방법: 문자메시지(EMS) 개별 통보",,,,https://www.gunpo.go.kr/,https://withbook.gunpo.go.kr/www/selectEminwonView.do?pageUnit=1&pageIndex=4&searchCnd=all&key=3909&jndinm=&context=&method=&methodnm=&wkly_event_mgt_no=&subCheck=&ofr_pageSize=1&homepage_pbs_yn=&initValue=&wkly_se_code=&countYn=&event_sj=&Not_ancmt_se_code=&title=&cha_dep_code_nm=&countYnAC=&list_gubun=N&not_ancmt_sj=&not_ancmt_cn=&not_ancmt_mgt_no=43982,0,N,19,39,N,0055003,0043003,0,0,중위소득 180%,,,84,4020000,경기도 군포시,6410000,경기도,6410000,경기도,41410,0011009,0013010,0049010,20260309 ~ 20260327,2026-03-18 13:42:45,2026-03-19 09:47:36,0014010,주거
20260318005400212193,2,003,010,032,0054002,0042011,0044002,청년 1인가구 전월세 안심계약 지원,주거지원,청년 1인가구 부동산 사기 피해 예방 및 안정적인 주거정착 지원,주거,주택 및 거주지,"ㅇ (대상) 군포시 거주(예정) 1인가구 청년
ㅇ (주요내용)
  - 전월세 계약상담, 전입 희망지역 주변 정보제공
  - 집보기 동행, 전월세 임대 청년 주거지원정책 정보 제공 등",4020000,경기도 군포시,이도연,4020000,경기도 군포시,,Y,0057001,0056001,20260310,20261231,,군포시 청년공간 플라잉 홈페이지 신청,,https://www.gunpoycf.or.kr/,,,https://www.gunpoycf.or.kr/,https://www.gunpoycf.or.kr/company_05.php,0,N,19,39,N,0055003,0043001,0,0,,,,248,4020000,경기도 군포시,6410000,경기도,6410000,경기도,41410,0011009,0013010,0049010,20260310 ~ 20261231,2026-03-18 13:26:44,2026-03-19 09:45:18,0014010,주거
20260318005400212189,2,003,009,030,0054002,0042004,0044002,(광양시)광양학사(서울 공공기숙사) 운영,주거지원,"수도권 대학 재학생과 연수·실습생, 입시 준비생에게 저렴한 기숙사를 제공해 주거 안정을 지원합니다.",주거,전월세 및 주거급여 지원,"-서울 공공기숙사 입사 지원
-월 12만원 이용료로 주거 지원
-결원 발생 시 수시 모집",4840254,전라남도 광양시 미래산업국,정경진,       ,,,N,0057002,0056002,        ,        ,연중,,,,,,https://gwangyang.go.kr/kor/,https://gwangyang.go.kr/youth/kr/board/view.do?bbsId=BBS_000000000000041&nttId=4668&menuNo=104002000000,0,N,0,0,Y,0055003,0043001,0,0,,,,23,4840254,전라남도 광양시 미래산업국,4840000,,6460000,,46230,0011009,"0013003,0013009",0049005,,2026-03-18 10:16:15,2026-03-18 16:22:27,0014010,주거
20260313005400212147,2,003,009,031,0054002,0042013,0044002,용인청년 부동산 중개 보수 감면 사업,주거지원,지역 상생형 주거문화 조성 ,주거,전월세 및 주거급여 지원,"ㅇ (대상) 18~34세 청년임차인
ㅇ (주요내용) 중개보수 20% 이상 감면",4050000,경기도 용인시,,       ,,,N,0057002,0056002,        ,        ,상시,,,,,,https://youth.yongin.go.kr/web/main/youthPolicy/view?bizId=A2026021000000000000055001,,0,N,18,39,N,0055003,0043001,0,0,,,,97,4050000,경기도 용인시,6410000,경기도,6410000,경기도,"41461,41463,41465",0011009,0013010,0049010,,2026-03-13 16:10:29,2026-03-16 09:37:01,0014010,주거
20260123005400112079,2,002,008,028,0054001,0042004,0044002,"대학생 연합생활관(은행권,고양)","주거지원,교육지원",대학생 주거안정을 위해 민간기부(은행연합회)를 통해 설립된 대학생 연합생활관,주거,기숙사,"대학생 주거안정을 위한 기숙사 지원
 - 위치: 경기도 고양시 덕양구 원흥1로 23
 - 정원: 986명(2인 1실)
 - 기숙사비: 월 15만원(보증금 15만원)
 - 입주대상: 대한민국 소재 국내 대학(원)에 입학예정 또는 재적 중인 대학생(세부내용 선발공고 참조)",1342000,교육부,,D311086,한국장학재단 청년주거지원부,전상미,Y,0057002,0056002,        ,        ,"학기별 모집(1월, 7월), 공실발생 시 월단위 수시모집(전월 말 공고 후 해당 월 첫째 주 신청)","한국장학재단 홈페이지 또는 앱으로 신청
 - 1학기 정기모집: 1월 19일~1월 30일
 - 2학기 정기모집: 7월 27일~8월 10일","한국장학재단 홈페이지 또는 앱에서 확인
 - 1학기: 2월 초
 - 2학기: 8월 초
",https://www.kosaf.go.kr,"1. 필요 시 제출(수급자 증명서, 차상위 증명서, 장애인 증명서 등)
2. 입주 시 제출(재적증명서, 보호자 주민등록표등본, 건강(결핵)진단서
※ 단, 전산연계 확인 시 제출 생략",한국장학재단 홈페이지 선발공고(기숙사>커뮤니티>공지사항) 참조,https://www.kosaf.go.kr/ko/notice.do?mode=view&searchStr=&searchType=&page=1&ctgrId1=0000000009&ctgrId2=&seqNo=20404,,0,N,0,0,Y,0055003,0043001,0,0,,,"원격대학, 기술대학에 재학중인 자(세부내용 선발공고 참조)",4345,D311086,한국장학재단 청년주거지원부,       ,,       ,,"11110,11140,11170,11200,11215,11230,11260,11290,11305,11320,11350,11380,11410,11440,11470,11500,11530,11545,11560,11590,11620,11650,11680,11710,11740,26110,26140,26170,26200,26230,26260,26290,26320,26350,26380,26410,26440,26470,26500,26530,26710,27110,27140,27170,27200,27230,27260,27290,27710,27720,28110,28140,28177,28185,28200,28237,28245,28260,28710,28720,29110,29140,29155,29170,29200,30110,30140,30170,30200,30230,31110,31140,31170,31200,31710,36110,41111,41113,41115,41117,41131,41133,41135,41150,41171,41173,41192,41194,41196,41210,41220,41250,41271,41273,41281,41285,41287,41290,41310,41360,41370,41390,41410,41430,41450,41461,41463,41465,41480,41500,41550,41570,41590,41610,41630,41650,41670,41800,41820,41830,43111,43112,43113,43114,43130,43150,43720,43730,43740,43745,43750,43760,43770,43800,44131,44133,44150,44180,44200,44210,44230,44250,44270,44710,44760,44770,44790,44800,44810,44825,46110,46130,46150,46170,46230,46710,46720,46730,46770,46780,46790,46800,46810,46820,46830,46840,46860,46870,46880,46890,46900,46910,47111,47113,47130,47150,47170,47190,47210,47230,47250,47280,47290,47730,47750,47760,47770,47820,47830,47840,47850,47900,47920,47930,47940,48121,48123,48125,48127,48129,48170,48220,48240,48250,48270,48310,48330,48720,48730,48740,48820,48840,48850,48860,48870,48880,48890,50110,50130,51110,51130,51150,51170,51190,51210,51230,51720,51730,51750,51760,51770,51780,51790,51800,51810,51820,51830,52111,52113,52130,52140,52180,52190,52210,52710,52720,52730,52740,52750,52770,52790,52800",0011009,0013010,"0049003,0049004,0049005",,2026-01-23 13:57:48,2026-01-26 16:22:45,0014010,주거
20251121005400211920,1,002,005,011,0054002,0042001,0044002,"대학생 주거 지원(서‧동서울관, 청주관)",주거지원, ㅇ 향토인재 양성을 위한 장학시설(기숙시설)의 관리‧운영 ,주거,기숙사,"ㅇ (사업 대상) 대학교 신입생, 재학생
   - (연령 기준) 해당없음
   - (소득 기준) 건강보험 월평균액 낮은 순
   - (기타 조건) 지원자 또는 친권자가 3년 이상 계속 거주, 도내 고등학교 졸업생, 졸업예정인자로 1년 이상 계속 거주",6430000,충청북도,,       ,,,N,0057001,0056001,20250101,20251231,,충북학사 홈페이지 참고,충북학사 홈페이지 참고,https://home.cbhs.kr/,충북학사 홈페이지 참고,,https://home.cbhs.kr/,https://www.cbhscj.kr/main,940,N,19,39,N,0055003,0043003,0,0,공고문 참고,,,210,6430000,충청북도,       ,,       ,,"43111,43112,43113,43114,43130,43150,43720,43730,43740,43745,43750,43760,43770,43800",0011009,0013010,0049005,20250101 ~ 20250228,2025-11-21 11:26:10,2025-11-21 17:56:02,0014010,주거
20251107005400211817,1,002,005,011,0054002,0042013,0044002,대학기숙사 확충,주거지원,대학 기숙사 확충,주거,기숙사,대학 기숙사 확충,6410328,경기도 자치행정국 자치행정과,안희정,       ,,,Y,0057003,0056002,        ,        ,2025년,"학자금지원구간통지서,
재학증명서, 성적증명서 등 제출",심사 후 발표,,"학자금지원구간통지서,
재학증명서, 성적증명서 등 제출",,https://www.gg.go.kr/,,0,N,19,39,N,0055003,0043001,0,0,,,,116,6410000,경기도,0000000,경기도,6410000,경기도,"41111,41113,41115,41117,41131,41133,41135,41150,41171,41173,41192,41194,41196,41210,41220,41250,41271,41273,41281,41285,41287,41290,41310,41360,41370,41390,41410,41430,41450,41461,41463,41465,41480,41500,41550,41570,41590,41610,41630,41650,41670,41800,41820,41830",0011009,0013010,0049010,,2025-11-07 15:26:31,2026-01-01 00:00:00,0014010,주거
20250903005400211614,1,002,006,013,0054002,0042006,0044002,청년월세 지원사업,"주거지원,보조금",고금리·고물가 등으로 경제적 어려움을 겪는 청년층의 주거비 경감을 위해 청년이 실제 납부한 월세를 최대 20만원씩 최대 24개월간 지원,주거,전월세 및 주거급여 지원,"○ (관련근거) 「청년기본법」제20조, 「주거기본법」제13조
○ (사업기간) 2022년 8월 ~ 2027년 12월
○ (지원내용) 실제 납부한 월세를 월 최대 20만원씩 최대 24개월 지원
  - (대상연령) 19~34세 이하 부모님과 별도 거주하는 무주택 청년
  - (지원요건) 청년가구 중위소득 60% 이하 & 재산 122백만원 이하이면서, 원가구 중위소득 100% 이하 & 재산 470만원 이하",5690354,청년정책담당관,민선영,       ,,,N,0057001,0056002,        ,        ,상시,"(온라인)복지로, (방문신청)세종시청 청년정책담당관실
 ※ 복지로 온라인신청 경로: 복지로 로그인 > 서비스 신청 > 복지서비스 신청 > 복지급여 신청 > 기타 > 청년월세 한시 특별지원","① 신청, 접수
   - 온라인(복지로) / 오프라인(시청)
② 소득재산조사
   - 공적자료 조회(행복e음)
③ 지원결정
   - 45일 이내 통보
④ 월세지급
   - 매월 25일",https://www.bokjiro.go.kr/ssis-tbu/twataa/wlfareInfo/moveTWAT52011M.do?wlfareInfoId=WLF00004661,"임대차계약서, 월세이체 증빙서류(최근3개월), 통장사본, 청약통장사본, 가족관계증명서(상세-주민등록번호 전부공개, 본인·부·모기준 각 1부씩) 등",,https://www.bokjiro.go.kr/ssis-tbu/twataa/wlfareInfo/moveTWAT52011M.do?wlfareInfoId=WLF00004661,,641,N,19,34,N,0055003,0043003,0,0,중위소득 60% 이하,,"주택 소유자(분양권, 입주권 포함), 직계존속·형제·자매 등 2촌 이내 혈족(배우자의 2촌 이내 혈족 포함) 주택 임차, 공공주택특별법에 따른 공공임대주택(공무원임대주택 포함) 거주, 1실(방)에 다수가 거주하는 방식의 전대차인 경우(단, 1실에 다수가 거주하는 경우라도 임대인과 별도 임대차계약 체결 시 지원 가능), 국토부 또는 지자체 에서 시행하는 청년월세 지원 수혜 중인 자(수혜종료 후 신청 가능) 등",2727,5690008,세종특별자치시 기획조정실,5690000,세종특별자치시,5690000,세종특별자치시,"11110,11140,11170,11200,11215,11230,11260,11290,11305,11320,11350,11380,11410,11440,11470,11500,11530,11545,11560,11590,11620,11650,11680,11710,11740,26110,26140,26170,26200,26230,26260,26290,26320,26350,26380,26410,26440,26470,26500,26530,26710,27110,27140,27170,27200,27230,27260,27290,27710,27720,28110,28140,28177,28185,28200,28237,28245,28260,28710,28720,29110,29140,29155,29170,29200,30110,30140,30170,30200,30230,31110,31140,31170,31200,31710,36110,41111,41113,41115,41117,41131,41133,41135,41150,41171,41173,41192,41194,41196,41210,41220,41250,41271,41273,41281,41285,41287,41290,41310,41360,41370,41390,41410,41430,41450,41461,41463,41465,41480,41500,41550,41570,41590,41610,41630,41650,41670,41800,41820,41830,43111,43112,43113,43114,43130,43150,43720,43730,43740,43745,43750,43760,43770,43800,44131,44133,44150,44180,44200,44210,44230,44250,44270,44710,44760,44770,44790,44800,44810,44825,46110,46130,46150,46170,46230,46710,46720,46730,46770,46780,46790,46800,46810,46820,46830,46840,46860,46870,46880,46890,46900,46910,47111,47113,47130,47150,47170,47190,47210,47230,47250,47280,47290,47730,47750,47760,47770,47820,47830,47840,47850,47900,47920,47930,47940,48121,48123,48125,48127,48129,48170,48220,48240,48250,48270,48310,48330,48720,48730,48740,48820,48840,48850,48860,48870,48880,48890,50110,50130,51110,51130,51150,51170,51190,51210,51230,51720,51730,51750,51760,51770,51780,51790,51800,51810,51820,51830,52111,52113,52130,52140,52180,52190,52210,52710,52720,52730,52740,52750,52770,52790,52800",0011009,0013010,0049010,20240226 ~ 20250225,2025-09-03 17:08:10,2025-09-03 17:46:21,0014010,주거
20250903005400211608,1,002,006,012,0054002,0042006,0044002,기초청년 주거급여(임차급여),"보조금,주거지원","주거급여 수급가구원 중 취학, 구직 등을 목적으로 부모와 따로 거주하는 미혼청년(19세 이상 30세 미만)에게 별도 주거급여를 지급하여 주거안정과 자립 도모",주거,전월세 및 주거급여 지원,"○ (관련근거) 「국민기초생활보장법」제11조(주거급여),  「주거급여법」제7조의2(주거급여의 분리 지급)
○ (사업기간) 2021년 ~ 계속
○ (지원내용) 청년 주소지 기준임대료 상한으로 실제임차료 지급
  - (대상연령) 임차 또는 자가가구 내 만19세~30세 미만 미혼 청년
  ※ 청년가구원 연령 기준: 만 19세가 되는 해에 1월 1일을 맞이한 사람을 포함하고, 지급이 제외되는 만 30세의 경우에는 출생월을 적용
  - (임차계약) 청년명의의 임대차계약을 체결하고 임차료를 지불하는 청년에게 지급(전입신고필수)
  - (지원인원 수) 동일 시·군내 거주하는 2명 이상의 청년은 1명만 분리지급을 인정하되 기숙사·사택 등에 거주하는 경우는 모두 인정
  - (분리거주 공간적 기준) 주거급여 수급가구의 부모와 청년이 주민등록상 시·군을 달리하는 경우 인정하되, 동일 시·군이라도 보장기관이 인정하는 경우는 예외로 함

○ (지원절차) 
  ① 청년주거급여 신청
     - 방문 신청(원가족 주소지 읍면동) / 온라인 신청(복지로 홈페이지)
   ② 주택조사
      - 방문, 서류심사(LH)
   ③ 지원대상 조사
      - 소득재산 등 자격요건 조사(시청 통합조사팀)
    ④ 보장결정 및 급여지급(시청 주택과)",5690447,주택과,임현정,       ,,,N,0057003,0056002,        ,        ,상시,"- 신청권자 : 주거급여 수급가구의 가구원, 친족, 기타 관계인, 담당 공무원
※ 대리신청도 가능하나 위임장 필요, 담당 공무원 직권신청은 수급권자 동의 필요

- 신청방법 : 방문 신청(수급가구 내 가구주(부모)가 거주하는 읍·면·동 행정복지센터) 또는 온라인 신청(복지로(www.bokjiro.go.kr))",- 처리기한: 30일 (60일까지 연장가능),https://www.bokjiro.go.kr/,"- 사회보장급여 제공(변경) 신청서(신청인의 신분증 지참)
- 청년 주거급여 분리지급 신청서
- 임차(전대차)가구임을 증빙할 수 있는 서류
- 최근 3개월 내 임차료 증빙 서류
- 통장사본
 ※ 대리신청시 위임장, 수급권자의 신분증 사본 및 대리인 신분증 지참",,https://www.bokjiro.go.kr/,,100,N,19,30,N,0055002,0043003,0,0,가구원수별 소득인정액 선정기준 이내,임차급여 또는 수선유지급여를 지급받는 수급자의 미혼 청년가구원이어야 함,,2347,5690008,세종특별자치시 기획조정실,5690000,세종특별자치시,5690000,세종특별자치시,"11110,11140,11170,11200,11215,11230,11260,11290,11305,11320,11350,11380,11410,11440,11470,11500,11530,11545,11560,11590,11620,11650,11680,11710,11740,26110,26140,26170,26200,26230,26260,26290,26320,26350,26380,26410,26440,26470,26500,26530,26710,27110,27140,27170,27200,27230,27260,27290,27710,27720,28110,28140,28177,28185,28200,28237,28245,28260,28710,28720,29110,29140,29155,29170,29200,30110,30140,30170,30200,30230,31110,31140,31170,31200,31710,36110,41111,41113,41115,41117,41131,41133,41135,41150,41171,41173,41192,41194,41196,41210,41220,41250,41271,41273,41281,41285,41287,41290,41310,41360,41370,41390,41410,41430,41450,41461,41463,41465,41480,41500,41550,41570,41590,41610,41630,41650,41670,41800,41820,41830,43111,43112,43113,43114,43130,43150,43720,43730,43740,43745,43750,43760,43770,43800,44131,44133,44150,44180,44200,44210,44230,44250,44270,44710,44760,44770,44790,44800,44810,44825,46110,46130,46150,46170,46230,46710,46720,46730,46770,46780,46790,46800,46810,46820,46830,46840,46860,46870,46880,46890,46900,46910,47111,47113,47130,47150,47170,47190,47210,47230,47250,47280,47290,47730,47750,47760,47770,47820,47830,47840,47850,47900,47920,47930,47940,48121,48123,48125,48127,48129,48170,48220,48240,48250,48270,48310,48330,48720,48730,48740,48820,48840,48850,48860,48870,48880,48890,50110,50130,51110,51130,51150,51170,51190,51210,51230,51720,51730,51750,51760,51770,51780,51790,51800,51810,51820,51830,52111,52113,52130,52140,52180,52190,52210,52710,52720,52730,52740,52750,52770,52790,52800",0011009,0013010,0049010,,2025-09-03 16:04:28,2026-01-01 00:00:00,0014003,주거
20250902005400211579,1,002,005,010,0054002,0042013,0044002,이웃사촌시범마을시설운영 (금수장및청년주거지등),주거지원,"ㅇ (목적) 유입초기 청년 주거 지원
ㅇ (대상) 지역 청년
ㅇ (주요내용) 청년 주거지 및 워케이션 공간 지원
ㅇ (전달체계) 군-위탁단체-지역청년",주거,주택 및 거주지,"ㅇ (목적) 유입초기 청년 주거 지원
ㅇ (대상) 지역 청년
ㅇ (주요내용) 청년 주거지 및 워케이션 공간 지원
ㅇ (전달체계) 군-위탁단체-지역청년",5150215,관광복지국,,       ,,,N,0057003,0056002,        ,        ,공실 발생 시,,,,,,www.usc.go.kr,,0,N,19,45,N,0055003,0043001,0,0,,,,224,5150215,경상북도 의성군 관광복지국,5150000,경상북도 의성군,6470000,경상북도,"11110,11140,11170,11200,11215,11230,11260,11290,11305,11320,11350,11380,11410,11440,11470,11500,11530,11545,11560,11590,11620,11650,11680,11710,11740,26110,26140,26170,26200,26230,26260,26290,26320,26350,26380,26410,26440,26470,26500,26530,26710,27110,27140,27170,27200,27230,27260,27290,27710,27720,28110,28140,28177,28185,28200,28237,28245,28260,28710,28720,29110,29140,29155,29170,29200,30110,30140,30170,30200,30230,31110,31140,31170,31200,31710,36110,41111,41113,41115,41117,41131,41133,41135,41150,41171,41173,41192,41194,41196,41210,41220,41250,41271,41273,41281,41285,41287,41290,41310,41360,41370,41390,41410,41430,41450,41461,41463,41465,41480,41500,41550,41570,41590,41610,41630,41650,41670,41800,41820,41830,43111,43112,43113,43114,43130,43150,43720,43730,43740,43745,43750,43760,43770,43800,44131,44133,44150,44180,44200,44210,44230,44250,44270,44710,44760,44770,44790,44800,44810,44825,46110,46130,46150,46170,46230,46710,46720,46730,46770,46780,46790,46800,46810,46820,46830,46840,46860,46870,46880,46890,46900,46910,47111,47113,47130,47150,47170,47190,47210,47230,47250,47280,47290,47730,47750,47760,47770,47820,47830,47840,47850,47900,47920,47930,47940,48121,48123,48125,48127,48129,48170,48220,48240,48250,48270,48310,48330,48720,48730,48740,48820,48840,48850,48860,48870,48880,48890,50110,50130,51110,51130,51150,51170,51190,51210,51230,51720,51730,51750,51760,51770,51780,51790,51800,51810,51820,51830,52111,52113,52130,52140,52180,52190,52210,52710,52720,52730,52740,52750,52770,52790,52800",0011009,0013010,0049010,,2025-09-02 16:54:31,2026-01-01 00:00:00,0014010,주거
20250729005400211503,1,002,007,015,0054002,0042006,0044002,경기도 공공기숙사 운영,주거지원,경기도 대학생 및 청년을 대상으로 안전하고 쾌적한 공공 기숙환경을 제공하여 주거비 부담경감과 지역의 인재육성,주거,주택 및 거주지,"ㅇ 사업대상 : 경기도 대학생 및 청년
ㅇ 사업내용 : 기숙사 운영·관리, 입사생 생활지원, 급식실 운영 등
ㅇ 지원자격 
 - 입사선발 서류접수일 기준 1년이상 계혹하여 경기도에 주민등록이 되어 있는 대학생 및 청년
 - 기준일 현재 도에 주민등록이 되어 있고, 기준일 이전에 도에 주민등록이 되어 있던 기간의 합산이 10년 이상인 대학생 또는 청년
ㅇ 선발기준 
 - 대학생 : 소득(100)+가산점(차상위계층, 국가유공자, 북한이탈주민, 장애인, 다자녀가정 등)
 - 청  년 : 소득(30)+면접(40)+독립계획서(20)
ㅇ 선발절차 : (매년 12월~1월) 공고→온라인접수→서류심사→청년면접(심사위원)→선정→입사
ㅇ 입사비 : 1인실(장애인 5실) 월 25만원, 3인실 월 20만원 * 보증금 월 입사비와 동일",6412843,청년기회과,윤석선,       ,,경기도기숙사,N,0057003,0056001,20250101,20251231,,ㅇ 신청방법 : 누리집(홈페이지) https://www.ggdorm.or.kr  → 회원가입(본인인증) →    입사/퇴사안내 → 입사신청에서 입사지원,ㅇ 누리집(홈페이지)  https://www.ggdorm.or.kr  공지 확인,https://www.ggdorm.or.kr,"[대학생·청년 공통]
· 입사지원서 (온라인 입력)
· 개인정보 수집·이용 동의서 (온라인 입력)
· 본인의 주민등록초본 (주소이력 포함)
· 보호자 명의의 가족관계증명서 (가족관계 전부 기록)
· 제출서류 체크리스트 (지정양식)
[대학생 공통]
· 재학생-재학증명서
 신입생-합격통지서 또는 대학지원 수험표
 복학생-복학증빙서류
· 본인 또는 가족의 학자금 지원구간 통지서
  (모집기간 해당 학기 분이 없는 경우 직전학기 통지서 가능)
  ※ 미제출 시 ‘10구간’ 적용
[대학생 우선선발대상]
· 국민기초생활보장 수급자 증명서(부·모 또는 본인)
· 가정위탁보호 확인서(본인)
· 공동생활가정 보호 사실증명서(본인)
· 인구감소지역(가평군, 연천군) 거주 확인서
[대학생 가점대상]
· 차상위계층 증명서(부모 또는 본인)
 (의료, 주거, 교육, 한부모 포함)
· 국가유공자(유족, 가족) 확인서
· 북한이탈주민등록 확인서
· 장애인증명서
· 다자녀가정 증빙 서류
· 다문화가정 증빙 서류
[청년]
· 독립계획서
· 본인의 건강보험 납부확인서 및 자격득실 확인서 
  (미취업자인 경우 부,모의 건강보험 납부확인서 및 본인과 부,모의 자격득실 확인서 제출)

",,,,278,N,15,39,N,0055003,0043003,0,0,소득점수 : 국민건강보험료 납부합산액 평가,,"ㅇ 퇴학 및 정학 처분을 받은 자
ㅇ 휴학한 자(단, 군복무 마친 후 복학 예정자 제외
ㅇ 법정 전염병 등 기타 사유로 공동생활에 부적합한 것으로 판단되는 자
ㅇ 신분전환 및 본인이 희망하여 퇴사하거나 계속 거주하지 아니한 자",1674,6412843,경기도 미래평생교육국 청년기회과,6412831,경기도 미래평생교육국,6410000,경기도,"41111,41113,41115,41117,41131,41133,41135,41150,41171,41173,41192,41194,41196,41210,41220,41250,41271,41273,41281,41285,41287,41290,41310,41360,41370,41390,41410,41430,41450,41461,41463,41465,41480,41500,41550,41570,41590,41610,41630,41650,41670,41800,41820,41830",0011009,0013010,0049010,,2025-07-29 15:56:27,2026-01-01 00:00:00,0014010,주거
20250718005400211383,1,002,005,010,0054002,0042006,0044002,공공임대주택 공급,공공임대주택,"사회초년생, 대학생, 신혼부부 등 주거안정을 위한 공공주택 공급",주거,주택 및 거주지,"사회초년생, 대학생, 신혼부부 등을 대상으로 공공주택 공급 확대를 통한 주거비 부담 완화로 무주택 서민의 주거안정 도모",1613000,국토교통부,김기훈,1613000,국토교통부,,N,0057003,0056001,20250101,20251231,,ㅇ 입주자공고 → 신청접수 → 자격검증 및 소명 → 당첨자 발표 → 계약체결 및 입주,ㅇ 입주자공고 → 신청접수 → 자격검증 및 소명 → 당첨자 발표 → 계약체결 및 입주,,"ㅇ  신청서류
  - 본인 확인 서류(주민등록증, 운전면허증, 여권만 인정) 사본 제출
  - 공급 신청서(모집 공고의 첨부 양식 작성 제출)
  - 개인정보 수집 이용 및 제3자 제공 동의서
    · (대상자) 신청자를 포함한 세대구성원 전원
     예비 신혼부부의 경우 혼인으로 구성될 세대구성원 전원","ㅇ  입주대상: 입주자 모집공고일 현재 성년자인 무주택자 또는 무주택 구성원, 기준중위소득, 자산 및 자동차기준 충족",www.jpdc.co.kr,https://apply.lh.or.kr,0,N,0,0,Y,0055003,0043003,0,0,"모집 공고일 현재 무주택세대구성원(청년 및 혼인중이 아닌 경우로서 단독세대주로 입주하려는 고령자는 무주택자)으로서 자산, 소득 기준 및 입주자격 구분별 입주자격 충족","❍ 입주대상: 입주자 모집공고일 현재 성년자인 무주택자 또는 무주택 구성원
  - (일반공급)
    · 청년, 신혼부부·한부모(6세 이하 자녀 있는 경우), 고령자, 일반계층
    · 기준 중위소득 150% 이하, 자산 및 자동차 기준 충족
  - (우선공급)
    · 청년, 다자녀가구, 수급자, 신혼부부·한부모, 고령자, 장애인 등 여러계층
    · 기준 중위소득 100% 이하, 자산 및 자동차 기준 충족",,1643,6500862,제주특별자치도 건설주택국,6500000,제주특별자치도,6500000,제주특별자치도,"11110,11140,11170,11200,11215,11230,11260,11290,11305,11320,11350,11380,11410,11440,11470,11500,11530,11545,11560,11590,11620,11650,11680,11710,11740,26110,26140,26170,26200,26230,26260,26290,26320,26350,26380,26410,26440,26470,26500,26530,26710,27110,27140,27170,27200,27230,27260,27290,27710,27720,28110,28140,28177,28185,28200,28237,28245,28260,28710,28720,29110,29140,29155,29170,29200,30110,30140,30170,30200,30230,31110,31140,31170,31200,31710,36110,41111,41113,41115,41117,41131,41133,41135,41150,41171,41173,41192,41194,41196,41210,41220,41250,41271,41273,41281,41285,41287,41290,41310,41360,41370,41390,41410,41430,41450,41461,41463,41465,41480,41500,41550,41570,41590,41610,41630,41650,41670,41800,41820,41830,43111,43112,43113,43114,43130,43150,43720,43730,43740,43745,43750,43760,43770,43800,44131,44133,44150,44180,44200,44210,44230,44250,44270,44710,44760,44770,44790,44800,44810,44825,46110,46130,46150,46170,46230,46710,46720,46730,46770,46780,46790,46800,46810,46820,46830,46840,46860,46870,46880,46890,46900,46910,47111,47113,47130,47150,47170,47190,47210,47230,47250,47280,47290,47730,47750,47760,47770,47820,47830,47840,47850,47900,47920,47930,47940,48121,48123,48125,48127,48129,48170,48220,48240,48250,48270,48310,48330,48720,48730,48740,48820,48840,48850,48860,48870,48880,48890,50110,50130,51110,51130,51150,51170,51190,51210,51230,51720,51730,51750,51760,51770,51780,51790,51800,51810,51820,51830,52111,52113,52130,52140,52180,52190,52210,52710,52720,52730,52740,52750,52770,52790,52800",0011009,0013010,0049010,,2025-07-18 09:47:33,2026-01-01 00:00:00,"0014003,0014004,0014005,0014007,0014009",주거
20250715005400211273,1,002,007,016,0054002,0042002,0044002,주택 안심계약 도움서비스 제공,주거지원,청년 등 안정적인 지역 정착과 주거복지 향상에 기여하기 위한 맞춤형 부동산 전문상담 및 집보기 동행서비스 제공,주거,주택 및 거주지,사회초년생 청년 등을 위한 주거 상담 「주택 안심 계약 도움 서비스」제공,6441184,건설교통국,,       ,,,N,0057003,0056001,20250101,20251231,,,,,,,,,0,N,19,39,N,0055003,0043001,0,0,,충청남도에 거주하거나 거주할 예정인 청년 등,,750,6440000,충청남도,0000000,충청남도,6440000,충청남도,"11110,11140,11170,11200,11215,11230,11260,11290,11305,11320,11350,11380,11410,11440,11470,11500,11530,11545,11560,11590,11620,11650,11680,11710,11740,26110,26140,26170,26200,26230,26260,26290,26320,26350,26380,26410,26440,26470,26500,26530,26710,27110,27140,27170,27200,27230,27260,27290,27710,27720,28110,28140,28177,28185,28200,28237,28245,28260,28710,28720,29110,29140,29155,29170,29200,30110,30140,30170,30200,30230,31110,31140,31170,31200,31710,36110,41111,41113,41115,41117,41131,41133,41135,41150,41171,41173,41192,41194,41196,41210,41220,41250,41271,41273,41281,41285,41287,41290,41310,41360,41370,41390,41410,41430,41450,41461,41463,41465,41480,41500,41550,41570,41590,41610,41630,41650,41670,41800,41820,41830,43111,43112,43113,43114,43130,43150,43720,43730,43740,43745,43750,43760,43770,43800,44131,44133,44150,44180,44200,44210,44230,44250,44270,44710,44760,44770,44790,44800,44810,44825,46110,46130,46150,46170,46230,46710,46720,46730,46770,46780,46790,46800,46810,46820,46830,46840,46860,46870,46880,46890,46900,46910,47111,47113,47130,47150,47170,47190,47210,47230,47250,47280,47290,47730,47750,47760,47770,47820,47830,47840,47850,47900,47920,47930,47940,48121,48123,48125,48127,48129,48170,48220,48240,48250,48270,48310,48330,48720,48730,48740,48820,48840,48850,48860,48870,48880,48890,50110,50130,51110,51130,51150,51170,51190,51210,51230,51720,51730,51750,51760,51770,51780,51790,51800,51810,51820,51830,52111,52113,52130,52140,52180,52190,52210,52710,52720,52730,52740,52750,52770,52790,52800",0011009,0013010,0049010,,2025-07-15 21:58:36,2026-01-01 00:00:00,0014010,주거
20250710005400211165,1,002,007,016,0054002,0042013,0044002,주거취약계층 부동산 중개보수 지원,주거지원,경제적으로 어려운 주거취약계층에게 주거 이전에 따른 주택 중개보수 비용 일부를 지원하여 경제적 부담 경감,주거,주택 및 거주지,주거취약계층 부동산 중개보수료 지원(30만원이내),6290945,토지정보과,,       ,,,Y,0057001,0056001,20250101,20251231,,광주광역시 소재지 관할 자치구(부동산 담당 부서 및 동 행정복지센터)로 방문,,,"공통 : 신청서, 거래계약서, 주민등록등본, 중개보수 영수증, 본인 또는 가족 통장 사본(수급자통장 제외)
수급자 : 관련 증명서
신혼부부 : 혼인관계 증명서, 건강보험료 납부영수증","동구 민원토지과 : 062-608-3193
서구 토지정보과 : 062-360-7476
남구 토지정보과 : 062-607-3253
북구 토지정보과 : 062-410-6253
광산구 부동산지적과 : 062-960-8274",,,0,N,0,0,Y,0055003,0043003,0,0,"기초생활수급자, 차상위계층, 한부모가정, 중위소득 100% 이하 신혼부부","기초생활수급자, 차상위계층, 한부모가정, 중위소득 100% 이하 신혼부부(1회에 한하여 지원)",,88,6290000,광주광역시,0000000,광주광역시,6290000,광주광역시,"29110,29140,29155,29170,29200",0011009,0013010,0049010,20250101 ~ 20251231,2025-07-10 12:39:26,2025-07-10 15:42:34,0014010,주거
20250618005400111008,1,002,005,010,0054001,0042001,0044002,도심융합특구 조성,주거지원,지방 도심에 청년인재 정착과 지역발전을 위한 산업·주거·문화 등 복합혁신공간(도심융합특구) 조성,주거,주택 및 거주지,지방 광역시(5곳)에 도심융합특구를 조성하기 위하여 기본계획·실시계획 수립비 지원,1613000,국토교통부,,       ,,,N,0057003,0056002,        ,        ,'21년~계속,,,,,,,,0,N,0,0,Y,0055003,0043001,0,0,,,,456,1613000,국토교통부,0000000,국토교통부,1613000,국토교통부,"11110,11140,11170,11200,11215,11230,11260,11290,11305,11320,11350,11380,11410,11440,11470,11500,11530,11545,11560,11590,11620,11650,11680,11710,11740,26110,26140,26170,26200,26230,26260,26290,26320,26350,26380,26410,26440,26470,26500,26530,26710,27110,27140,27170,27200,27230,27260,27290,27710,27720,28110,28140,28177,28185,28200,28237,28245,28260,28710,28720,29110,29140,29155,29170,29200,30110,30140,30170,30200,30230,31110,31140,31170,31200,31710,36110,41111,41113,41115,41117,41131,41133,41135,41150,41171,41173,41192,41194,41196,41210,41220,41250,41271,41273,41281,41285,41287,41290,41310,41360,41370,41390,41410,41430,41450,41461,41463,41465,41480,41500,41550,41570,41590,41610,41630,41650,41670,41800,41820,41830,43111,43112,43113,43114,43130,43150,43720,43730,43740,43745,43750,43760,43770,43800,44131,44133,44150,44180,44200,44210,44230,44250,44270,44710,44760,44770,44790,44800,44810,44825,46110,46130,46150,46170,46230,46710,46720,46730,46770,46780,46790,46800,46810,46820,46830,46840,46860,46870,46880,46890,46900,46910,47111,47113,47130,47150,47170,47190,47210,47230,47250,47280,47290,47730,47750,47760,47770,47820,47830,47840,47850,47900,47920,47930,47940,48121,48123,48125,48127,48129,48170,48220,48240,48250,48270,48310,48330,48720,48730,48740,48820,48840,48850,48860,48870,48880,48890,50110,50130,51110,51130,51150,51170,51190,51210,51230,51720,51730,51750,51760,51770,51780,51790,51800,51810,51820,51830,52111,52113,52130,52140,52180,52190,52210,52710,52720,52730,52740,52750,52770,52790,52800",0011009,0013010,0049010,,2025-06-18 10:24:05,2026-01-01 00:00:00,0014010,주거
20250618005400111006,1,002,008,017,0054001,0042013,0044002,공유주택 펀드투자,주거지원,대학생·청년 등 1인 가구 맞춤형 민간 공유주택 활성화 지원,주거,주택 및 거주지,"도심 내 공유주택을 운영하거나 공유서비스를 제공하는 스타트업, 사회적 기업 등에 장기 자금지원을 위한 펀드 조성",1613000,국토교통부,,       ,,,N,0057003,0056002,        ,        ,'20년~계속,,,,,,,,0,N,0,0,Y,0055003,0043001,0,0,,,,942,1613000,국토교통부,0000000,국토교통부,1613000,국토교통부,"11110,11140,11170,11200,11215,11230,11260,11290,11305,11320,11350,11380,11410,11440,11470,11500,11530,11545,11560,11590,11620,11650,11680,11710,11740,26110,26140,26170,26200,26230,26260,26290,26320,26350,26380,26410,26440,26470,26500,26530,26710,27110,27140,27170,27200,27230,27260,27290,27710,27720,28110,28140,28177,28185,28200,28237,28245,28260,28710,28720,29110,29140,29155,29170,29200,30110,30140,30170,30200,30230,31110,31140,31170,31200,31710,36110,41111,41113,41115,41117,41131,41133,41135,41150,41171,41173,41192,41194,41196,41210,41220,41250,41271,41273,41281,41285,41287,41290,41310,41360,41370,41390,41410,41430,41450,41461,41463,41465,41480,41500,41550,41570,41590,41610,41630,41650,41670,41800,41820,41830,43111,43112,43113,43114,43130,43150,43720,43730,43740,43745,43750,43760,43770,43800,44131,44133,44150,44180,44200,44210,44230,44250,44270,44710,44760,44770,44790,44800,44810,44825,46110,46130,46150,46170,46230,46710,46720,46730,46770,46780,46790,46800,46810,46820,46830,46840,46860,46870,46880,46890,46900,46910,47111,47113,47130,47150,47170,47190,47210,47230,47250,47280,47290,47730,47750,47760,47770,47820,47830,47840,47850,47900,47920,47930,47940,48121,48123,48125,48127,48129,48170,48220,48240,48250,48270,48310,48330,48720,48730,48740,48820,48840,48850,48860,48870,48880,48890,50110,50130,51110,51130,51150,51170,51190,51210,51230,51720,51730,51750,51760,51770,51780,51790,51800,51810,51820,51830,52111,52113,52130,52140,52180,52190,52210,52710,52720,52730,52740,52750,52770,52790,52800",0011009,0013010,0049010,,2025-06-18 10:16:26,2026-01-01 00:00:00,0014010,주거
20250618005400111005,1,002,005,010,0054001,0042011,0044002,주거포털 마이홈 개선,맞춤형상담서비스,국민의 다양한 주거수요를 반영한 맞춤형 주거지원 정보를 보다 쉽게 찾아볼 수 있도록 마이홈 포털을 개선,주거,주택 및 거주지,마이홈포털 및 모바일 어플리케이션의 UI 등을 개선하여 사용 편의성을 증진하고 주거복지 정책에 대한 국민 접근성 제고,1613000,국토교통부,,       ,,,N,0057003,0056002,        ,        ,'15년~,,,,,,,,0,N,0,0,Y,0055003,0043001,0,0,,,,484,1613000,국토교통부,0000000,국토교통부,1613000,국토교통부,"11110,11140,11170,11200,11215,11230,11260,11290,11305,11320,11350,11380,11410,11440,11470,11500,11530,11545,11560,11590,11620,11650,11680,11710,11740,26110,26140,26170,26200,26230,26260,26290,26320,26350,26380,26410,26440,26470,26500,26530,26710,27110,27140,27170,27200,27230,27260,27290,27710,27720,28110,28140,28177,28185,28200,28237,28245,28260,28710,28720,29110,29140,29155,29170,29200,30110,30140,30170,30200,30230,31110,31140,31170,31200,31710,36110,41111,41113,41115,41117,41131,41133,41135,41150,41171,41173,41192,41194,41196,41210,41220,41250,41271,41273,41281,41285,41287,41290,41310,41360,41370,41390,41410,41430,41450,41461,41463,41465,41480,41500,41550,41570,41590,41610,41630,41650,41670,41800,41820,41830,43111,43112,43113,43114,43130,43150,43720,43730,43740,43745,43750,43760,43770,43800,44131,44133,44150,44180,44200,44210,44230,44250,44270,44710,44760,44770,44790,44800,44810,44825,46110,46130,46150,46170,46230,46710,46720,46730,46770,46780,46790,46800,46810,46820,46830,46840,46860,46870,46880,46890,46900,46910,47111,47113,47130,47150,47170,47190,47210,47230,47250,47280,47290,47730,47750,47760,47770,47820,47830,47840,47850,47900,47920,47930,47940,48121,48123,48125,48127,48129,48170,48220,48240,48250,48270,48310,48330,48720,48730,48740,48820,48840,48850,48860,48870,48880,48890,50110,50130,51110,51130,51150,51170,51190,51210,51230,51720,51730,51750,51760,51770,51780,51790,51800,51810,51820,51830,52111,52113,52130,52140,52180,52190,52210,52710,52720,52730,52740,52750,52770,52790,52800",0011009,0013010,0049010,,2025-06-18 10:13:31,2026-01-01 00:00:00,0014010,주거
20250618005400111003,1,002,007,016,0054001,0042013,0044002,전세사기 피해 예방 및 지원 강화,주거지원,"주택가격 상승기에 전세반환보증 악용, 임차인 정보 부족 등으로 전세사기 피해가 현실화되어 피해를 입은 임차인, 특히 청년 등 주거취약계층의 주거안정 도모를 목적으로 함",주거,주택 및 거주지,"전세사기피해자에게 경·공매 절차 및 조세 징수 등에 관한 특례를 부여하고, 저리·대환대출 등 금융지원, 우선매수권 양도를 통한 매입임대 등 주거지원 등을 제공함으로써 청년층의 주거 안정을 도모",1613000,국토교통부,,       ,,,N,0057003,0056002,        ,        ,'23년~'25년(한시특별법),,,,,,,,0,N,0,0,Y,0055003,0043001,0,0,,,,952,1613000,국토교통부,0000000,국토교통부,1613000,국토교통부,"11110,11140,11170,11200,11215,11230,11260,11290,11305,11320,11350,11380,11410,11440,11470,11500,11530,11545,11560,11590,11620,11650,11680,11710,11740,26110,26140,26170,26200,26230,26260,26290,26320,26350,26380,26410,26440,26470,26500,26530,26710,27110,27140,27170,27200,27230,27260,27290,27710,27720,28110,28140,28177,28185,28200,28237,28245,28260,28710,28720,29110,29140,29155,29170,29200,30110,30140,30170,30200,30230,31110,31140,31170,31200,31710,36110,41111,41113,41115,41117,41131,41133,41135,41150,41171,41173,41192,41194,41196,41210,41220,41250,41271,41273,41281,41285,41287,41290,41310,41360,41370,41390,41410,41430,41450,41461,41463,41465,41480,41500,41550,41570,41590,41610,41630,41650,41670,41800,41820,41830,43111,43112,43113,43114,43130,43150,43720,43730,43740,43745,43750,43760,43770,43800,44131,44133,44150,44180,44200,44210,44230,44250,44270,44710,44760,44770,44790,44800,44810,44825,46110,46130,46150,46170,46230,46710,46720,46730,46770,46780,46790,46800,46810,46820,46830,46840,46860,46870,46880,46890,46900,46910,47111,47113,47130,47150,47170,47190,47210,47230,47250,47280,47290,47730,47750,47760,47770,47820,47830,47840,47850,47900,47920,47930,47940,48121,48123,48125,48127,48129,48170,48220,48240,48250,48270,48310,48330,48720,48730,48740,48820,48840,48850,48860,48870,48880,48890,50110,50130,51110,51130,51150,51170,51190,51210,51230,51720,51730,51750,51760,51770,51780,51790,51800,51810,51820,51830,52111,52113,52130,52140,52180,52190,52210,52710,52720,52730,52740,52750,52770,52790,52800",0011009,0013010,0049010,,2025-06-18 09:58:52,2026-01-01 00:00:00,0014010,주거
20250617005400110952,1,002,005,010,0054001,0042013,0044002,미혼청년 주거급여 분리지급,주거지원,부모와 따로 거주하는 청년세대에게 주거급여를 별도 분리지급하여 안정적인 미래준비와 자립 도모,주거,주택 및 거주지,"주거급여 수급가구원 중 취학,구직 등의 사유로 부모와 따로 거주하는 20대 미혼자녀에게 별도 주거급여 지급
(지원내용) 부모와 청년 각각의 거주지, 가구원수에 따라 산정한 기준임대료를 상한으로 실제 임차료를 지급하고, 자기부담분은 분리된 가구 각각의 가구원 수에 비례하여 적용",1613000,국토교통부,,       ,,,N,0057003,0056002,        ,        ,'21년~,"□ 읍면동 주민센터에 관련 상담 신청 → 신청서, 금융정보 등 제공 동의서, 임대차 계약서(해당자 한함) 등 기타 구비서류 안내받아 접수
□ 복지로 서비스신청을 통한 온라인신청 : 복지로 로그인 > 서비스 신청 > 복지서비스 신청 > 복지급여 신청 > 저소득층 > '주거급여' 또는 '청년주거급여분리지급'",,https://www.bokjiro.go.kr/ssis-tbu/twataa/wlfareInfo/moveTWAT52011M.do?wlfareInfoId=WLF00003201,,,,,0,N,19,29,N,0055003,0043003,0,0,중위소득 48% 이하,"주거급여 수급가구 내 부모와 떨어져 사는 청년에게 주거급여를 분리하여 지급
- 임차급여 또는 수선유지급여를 지급받는 수급가구 내 만 19세 이상 30세 미만의 미혼자녀
- 청년명의의 임대차계약을 체결하고 임차료를 지불하는 청년에게 지급(전입신고 필수)
- 주거급여 수급가구의 부모와 청년이 주민등록상 시·군을 달리하는 경우 인정하되, 동일 시·군이라도 보장기관이 인정하는 경우는 예외로 함","주거급여가 불필요하거나, 타 법령 등에 의하여 주거를 제공받고 있는 수급자에 대해서는 주거급여를 지급하지 않음",7178,1613000,국토교통부,0000000,국토교통부,1613000,국토교통부,"11110,11140,11170,11200,11215,11230,11260,11290,11305,11320,11350,11380,11410,11440,11470,11500,11530,11545,11560,11590,11620,11650,11680,11710,11740,26110,26140,26170,26200,26230,26260,26290,26320,26350,26380,26410,26440,26470,26500,26530,26710,27110,27140,27170,27200,27230,27260,27290,27710,27720,28110,28140,28177,28185,28200,28237,28245,28260,28710,28720,29110,29140,29155,29170,29200,30110,30140,30170,30200,30230,31110,31140,31170,31200,31710,36110,43111,43112,43113,43114,43130,43150,43720,43730,43740,43745,43750,43760,43770,43800,44131,44133,44150,44180,44200,44210,44230,44250,44270,44710,44760,44770,44790,44800,44810,44825,46110,46130,46150,46170,46230,46710,46720,46730,46770,46780,46790,46800,46810,46820,46830,46840,46860,46870,46880,46890,46900,46910,47111,47113,47130,47150,47170,47190,47210,47230,47250,47280,47290,47730,47750,47760,47770,47820,47830,47840,47850,47900,47920,47930,47940,48121,48123,48125,48127,48129,48170,48220,48240,48250,48270,48310,48330,48720,48730,48740,48820,48840,48850,48860,48870,48880,48890,50110,50130,52111,52113,52130,52140,52180,52190,52210,52710,52720,52730,52740,52750,52770,52790,52800",0011009,0013010,0049010,,2025-06-17 15:06:29,2026-01-01 00:00:00,0014010,주거
20250514005400110811,1,002,006,013,0054001,0042003,0044002,청년 주택드림 디딤돌 대출,대출,청년의 주거사다리 지원을 위해 청년 주택드림 통장으로 청약 당첨 시 주택구입자금을 대출,주거,전월세 및 주거급여 지원,"□ 대출금리 : 2.4% ~ 4.15%
□ 대출한도 : 다음 중 작은 금액으로 산정
  - 미혼 3억원, 신혼 4억원 이내(LTV 70%, 생애최초 주택구입자는 LTV 80%, DTI 60% 이내)
  - 분양가격 이내로 하되, 대출총액은 (본건 내집마련 디딤돌 대출 + 국민주택건설자금 + 중도금대출 + 기금대출)은 매매가격 초과 불가
  - 대출금액 = [(담보주택 평가액 × LTV) – 선순위채권 – 임대보증금 및 최우선변제소액임차보증금]
□ 대출기간 : 10년, 15년, 20년, 30년(연소득 4천만원 이하는 만기 40년 이용 가능)(거치 1년 또는 비거치)",1613000,국토교통부,,       ,,,N,0057003,0056002,        ,        ,상시,"□ 신청시기 : 소유권이전등기를 하기 전에 신청. 단, 소유권이전등기를 한 경우에는 이전등기 접수일로부터 3개월 이내까지 신청
□ 신청방법
  ○ 온라인 신청 : 기금e든든 홈페이지(https://enhuf.molit.go.kr)
    - 이용 가능 은행 : 우리, 신한, 국민, 농협, 하나은행
  ○ 은행 방문 신청 : 기금 수탁은행인 우리, 신한, 국민, 농협, 하나은행에서 가능
    - 이용 가능 지점은 은행 상황에 따라 다를 수 있습니다.","자산심사 관련 자세한 사항은 기금포탈 [고객서비스]-[자산심사 및 금리안내]-[자산 심사 안내]*를 참고
* https://nhuf.molit.go.kr/FP/FP08/FP0813/FP081301.jsp?id=20&mode=S&currentPage=1&articleId=1160",https://enhuf.molit.go.kr,"□ 본인 확인 서류 : 주민등록증, 운전면허증, 여권 중 택1
□ 대상자확인 : 주민등록등본(1개월 이내 발급분)
  가. 배우자 분리세대 : 가족관계증명원(1개월 이내 발급분)
  나. 배우자 외국인, 재외국민 또는 외국국적동포 : 외국인등록증 또는 국내거소신고사실증명
  다. 결혼예정자 : 예식장계약서 또는 청첩장

□ 재직 및 사업영위 확인 : 건강보험자격득실 확인서
  가. 재직시 : 필요시 사업자등록증이 첨부된 재직증명서
  나. 사업영위시 : 사업자등록증
  상기와 같은 방법으로 확인이 불가능한 경우에는 경력증명서, 위촉증명서, 고용계약서 등 이와 유사한 형태의 계약서 등

□ 소득확인 : 소득구분별 아래의 서류
  가. 근로소득(아래 서류 중 택1)
    - 세무서(홈텍스)발급 소득금액증명원 또는 ISA 가입용 소득확인증명서
    - 연말정산용 원천징수영수증(원천징수부 등 포함)
    - 급여내역이 포함된 증명서(재직회사가 확인날인한 급여명세표, 임금대장, 갑근세 원천징수 확인서, 일용근로소득지급명세서) 
 
  나. 사업소득(아래 서류 중 택1)
    - 세무서(홈텍스)발급 소득금액증명원 또는 ISA 가입용 소득확인증명서
    - 사업소득 원천징수영수증(연말정산용)
    - 세무사가 확인한 전년도 과세표준확정신고 및 납부 계산서
 
  다. 연금소득 : 연금수급권자확인서 등 기타 연금수령을 확인할 수 있는 지급기관 증명서 (연금수령액이 표기되지 않은 경우 연금수령 통장)
 
  라. 기타소득 : 세무서(홈텍스)발급 소득금액증명원
 
  마. 무소득 : 신고사실없음 사실증명원
 
  바. 소득 추정 시 : 최근 2개년도 건강보험/국민연금 납부확인서

□ 주택 관련 서류
  가. 분양계약서, 인감증명서

  나. 등기권리증(소유권 이전 후 대출 취급 시)

  다. 청약당첨사실확인서

  라. 청약통장 거래내역서 등 청년 주택드림 디딤돌 대출 청약요건 확인 가능서류

  마. 아파트 등기사항전부증명서(이전등기 전의 경우 생략 가능)

  바. 임대차 있는 경우 : 임대차계약서

기타 심사 시 필요한 서류 추가 징구 가능","□ 대출 심사 관련한 상담 : 주택도시보증공사 콜센터 1566-9009 및 기금 수탁은행 지점
□ 자산 심사 관련한 상담 : 자산심사 전용 상담센터 1551-3119 및 심사 진행 중 안내된 담당자 번호",https://nhuf.molit.go.kr/FP/FP05/FP0503/FP05030901.jsp,,0,N,0,39,N,0055003,0043002,0,7000,,"대출 대상주택*을 구입하고자 하는 자로서 아래의 요건을 모두 충족하는 자
* 대상주택 : 주거 전용면적이 85㎡(수도권을 제외한 도시지역이 아닌 읍 또는 면 지역 100㎡) 이하 주택으로, 대출 접수일 현재 담보주택의 평가액이 6억원 이하인 주택

□ 청년 주택드림 통장 청약 당첨자
입주자모집공고일 이전 보유한 청년 주택드림 통장으로 청약 당첨(당첨시 만39세 이하)되어 분양계약을 체결하고, 
아래 조건을 모두 충족하여 청년 주택드림 통장과 연계하여 디딤돌 대출을 신청하는 자 (상속, 증여, 재산분할로 주택을 취득하는 경우 불가)  

  가. 청년 주택드림 통장 가입일(전환일)로부터 대출접수일까지 1년 이상 가입
  나. 대출접수일 기준 1천만원 이상 납입
  (단, 월 납입실적은 최대 100만원까지만 인정하며, 담보목적물(해당주택)의 계약금 납입 목적으로 1회에 한하여 청년 주택드림 통장 납입금액을 인출한 경우에는 대출접수일 기준 1천만원 이상 잔고가 확인되어야 함)

  <청년 주택드림 통장 월 납입실적 예외사항>
    (1) 후분양 등의 사유로 월 100만원 납입만으로는 1천만원 이상 납입요건 충족이 어려운 경우 부족분만큼 대출 신청 전 일시납하는 금액 인정
    (2) 종합저축에서 청년 주택드림 통장으로 전환가입한 경우 기존 통장의 잔고는 최대 500만원까지 인정(단, 청년우대형 종합저축에서 청년 주택드림 통장으로 전환된 경우 기존 잔고 모두 인정)
    (3) 청년도약계좌, 청년희망적금, 군장병 내일적금 등 만기 일시납액을 청년 주택드림 통장으로 예치한 경우 최대 500만원까지 인정
    (4) 이 기준에서 달리 정하고 있지 않은 사항에 대해서는 별도로 정한 지침에 따름

□ 세대주 : 대출접수일 현재 민법상 성년인 세대주

□ 무주택 : 세대주를 포함한 세대원 전원이 무주택인 자
  - 분양권 및 조합원 입주권도 주택 보유로 간주

□ 중복대출 금지 : 주택도시기금대출 및 은행재원 주택담보대출 미이용자 등
  - (주택도시기금대출) 성년인 세대원 전원이 기금 대출을 이용 중이면 대출 불가
    단, 기금의 전세자금 대출을 받은 경우에는 실행일 당일 상환조건부로 대출 가능
  - (주택담보대출) 차주 및 배우자(결혼예정 또는 분리된 배우자 포함)가 다른 목적물로 주택담보(중도금)대출을 이용 중이면 대출 불가

□ 소득 : 미혼인 경우 연간 총소득 7천만원, 신혼가구인 경우 대출신청인과 배우자의 합산 총소득이 연간 1억원 이하인 자

□ 자산 : 대출신청인 및 배우자의 합산 순자산 가액이 통계청에서 발표하는 최근년도 가계금융복지조사의 ‘소득 5분위별 자산 및 부채현황’ 중 소득 4분위 전체가구 평균값 이하(십만원 단위에서 반올림)인 자→2025년도 기준 4.88억원

□ 신용도 : 아래 요건을 모두 충족하는 자
  - 신용정보회사의 개인신용평가가 일정점수 이상인 경우
  - 신청인이 한국신용정보원 “신용정보관리규약”에서 정하는 아래의 신용정보 및 해제 정보가 남아있는 경우 대출 불가능
    1) 연체, 대위변제·대지급, 부도, 관련인 정보
    2) 금융질서문란정보, 공공기록정보, 특수기록정보
    3) 신용회복지원등록정보
  - 그 외, 부부에 대하여 대출취급기관 내규로 대출을 제한하고 있는 경우에는 대출 불가능",,43522,1613000,국토교통부,1613000,국토교통부,1613000,국토교통부,"11110,11140,11170,11200,11215,11230,11260,11290,11305,11320,11350,11380,11410,11440,11470,11500,11530,11545,11560,11590,11620,11650,11680,11710,11740,26110,26140,26170,26200,26230,26260,26290,26320,26350,26380,26410,26440,26470,26500,26530,26710,27110,27140,27170,27200,27230,27260,27290,27710,27720,28110,28140,28177,28185,28200,28237,28245,28260,28710,28720,29110,29140,29155,29170,29200,30110,30140,30170,30200,30230,31110,31140,31170,31200,31710,36110,41111,41113,41115,41117,41131,41133,41135,41150,41171,41173,41192,41194,41196,41210,41220,41250,41271,41273,41281,41285,41287,41290,41310,41360,41370,41390,41410,41430,41450,41461,41463,41465,41480,41500,41550,41570,41590,41610,41630,41650,41670,41800,41820,41830,43111,43112,43113,43114,43130,43150,43720,43730,43740,43745,43750,43760,43770,43800,44131,44133,44150,44180,44200,44210,44230,44250,44270,44710,44760,44770,44790,44800,44810,44825,46110,46130,46150,46170,46230,46710,46720,46730,46770,46780,46790,46800,46810,46820,46830,46840,46860,46870,46880,46890,46900,46910,47111,47113,47130,47150,47170,47190,47210,47230,47250,47280,47290,47730,47750,47760,47770,47820,47830,47840,47850,47900,47920,47930,47940,48121,48123,48125,48127,48129,48170,48220,48240,48250,48270,48310,48330,48720,48730,48740,48820,48840,48850,48860,48870,48880,48890,50110,50130,51110,51130,51150,51170,51190,51210,51230,51720,51730,51750,51760,51770,51780,51790,51800,51810,51820,51830,52111,52113,52130,52140,52180,52190,52210,52710,52720,52730,52740,52750,52770,52790,52800",0011009,0013010,0049010,,2025-05-14 10:11:58,2026-01-01 00:00:00,0014010,주거
20250502005400110773,1,002,005,010,0054002,0042013,0044002,강원형 공공주택 공급,공공임대주택,"대학생, 사회초년생, 신혼부부 등 청년층 중심의 공공임대주택 공급으로 주거안정을 통한 지역정착 및 출산·육아 환경 조성",주거,주택 및 거주지,"대학생, 사회초년생, 신혼부부 등 청년층 공공임대주택 공급 ",1613000,국토교통부,,6530000,강원특별자치도,,N,0057001,0056001,20250101,20251231,,해당 시군 홈페이지 참고,,,해당 시군 홈페이지 참고,,,,0,N,18,39,N,0055003,0043003,0,0,"청년, 신혼부부 중위소득 100~150% 이하",무주택자(세부기준은 '공공주택특별법 시행규칙' 별표 5의2 '통합공공임대주택 입주자 자격' 참조 ),,600,6530000,강원특별자치도,6530000,강원특별자치도,6530000,강원특별자치도,"11110,11140,11170,11200,11215,11230,11260,11290,11305,11320,11350,11380,11410,11440,11470,11500,11530,11545,11560,11590,11620,11650,11680,11710,11740,26110,26140,26170,26200,26230,26260,26290,26320,26350,26380,26410,26440,26470,26500,26530,26710,27110,27140,27170,27200,27230,27260,27290,27710,27720,28110,28140,28177,28185,28200,28237,28245,28260,28710,28720,29110,29140,29155,29170,29200,30110,30140,30170,30200,30230,31110,31140,31170,31200,31710,36110,41111,41113,41115,41117,41131,41133,41135,41150,41171,41173,41192,41194,41196,41210,41220,41250,41271,41273,41281,41285,41287,41290,41310,41360,41370,41390,41410,41430,41450,41461,41463,41465,41480,41500,41550,41570,41590,41610,41630,41650,41670,41800,41820,41830,43111,43112,43113,43114,43130,43150,43720,43730,43740,43745,43750,43760,43770,43800,44131,44133,44150,44180,44200,44210,44230,44250,44270,44710,44760,44770,44790,44800,44810,44825,46110,46130,46150,46170,46230,46710,46720,46730,46770,46780,46790,46800,46810,46820,46830,46840,46860,46870,46880,46890,46900,46910,47111,47113,47130,47150,47170,47190,47210,47230,47250,47280,47290,47730,47750,47760,47770,47820,47830,47840,47850,47900,47920,47930,47940,48121,48123,48125,48127,48129,48170,48220,48240,48250,48270,48310,48330,48720,48730,48740,48820,48840,48850,48860,48870,48880,48890,50110,50130,51110,51130,51150,51170,51190,51210,51230,51720,51730,51750,51760,51770,51780,51790,51800,51810,51820,51830,52111,52113,52130,52140,52180,52190,52210,52710,52720,52730,52740,52750,52770,52790,52800",0011009,0013010,0049010,20250101 ~ 20251231,2025-05-02 11:22:57,2025-06-26 15:12:20,0014010,주거
20250502005400110774,1,002,006,013,0054002,0042006,0044002,청년월세 한시 특별지원,보조금,경제적 어려움을 겪는 저소득 청년층의 주거비 부담 경감을 위해 임대료(월세) 한시적 지원,주거,전월세 및 주거급여 지원,월 최대 20만원 임대료 지원(최대 24개월),1613000,국토교통부,,6530000,강원특별자치도,,N,0057001,0056001,20250301,20251231,,시군 홈페이지 참고,,,시군 홈페이지 참고,,,,2667,N,19,34,N,0055003,0043003,0,0,청년 원가구 소득이 기준 중위소득 100% 이하이면서 청년가구 소득이 기준 중위소득 60% 이하,"부모님과 별도거주, 무주택",,589,6530000,강원특별자치도,6530000,강원특별자치도,6530000,강원특별자치도,"11110,11140,11170,11200,11215,11230,11260,11290,11305,11320,11350,11380,11410,11440,11470,11500,11530,11545,11560,11590,11620,11650,11680,11710,11740,26110,26140,26170,26200,26230,26260,26290,26320,26350,26380,26410,26440,26470,26500,26530,26710,27110,27140,27170,27200,27230,27260,27290,27710,27720,28110,28140,28177,28185,28200,28237,28245,28260,28710,28720,29110,29140,29155,29170,29200,30110,30140,30170,30200,30230,31110,31140,31170,31200,31710,36110,41111,41113,41115,41117,41131,41133,41135,41150,41171,41173,41192,41194,41196,41210,41220,41250,41271,41273,41281,41285,41287,41290,41310,41360,41370,41390,41410,41430,41450,41461,41463,41465,41480,41500,41550,41570,41590,41610,41630,41650,41670,41800,41820,41830,43111,43112,43113,43114,43130,43150,43720,43730,43740,43745,43750,43760,43770,43800,44131,44133,44150,44180,44200,44210,44230,44250,44270,44710,44760,44770,44790,44800,44810,44825,46110,46130,46150,46170,46230,46710,46720,46730,46770,46780,46790,46800,46810,46820,46830,46840,46860,46870,46880,46890,46900,46910,47111,47113,47130,47150,47170,47190,47210,47230,47250,47280,47290,47730,47750,47760,47770,47820,47830,47840,47850,47900,47920,47930,47940,48121,48123,48125,48127,48129,48170,48220,48240,48250,48270,48310,48330,48720,48730,48740,48820,48840,48850,48860,48870,48880,48890,50110,50130,51110,51130,51150,51170,51190,51210,51230,51720,51730,51750,51760,51770,51780,51790,51800,51810,51820,51830,52111,52113,52130,52140,52180,52190,52210,52710,52720,52730,52740,52750,52770,52790,52800",0011009,0013010,0049010,20250101 ~ 20250228,2025-04-02 11:28:44,2025-07-16 15:25:16,0014010,주거
20250316005400210633,1,002,008,017,0054002,0042004,0044002,청년안심주택 공급활성화(임차보증금 무이자지원),금리혜택,ㅇ 높은 주거비 부담 등에 시달리는 청년․신혼부부의 안정적인 주거환경 확보를 위해 청년안심주택 입주자에 대하여 주거비를 지원,주거,주택 및 거주지," ㅇ (사업 근거)
   - 「서울시 보증금지원형 장기안심주택 업무처리 지침」
 ㅇ (추진 경과)
   - ‘16.03.25.  역세권 청년주택 공급계획 수립
   - ‘19.11.26.  청년·신혼부부 주거비 지원계획 수립
   - `19.12.09   역세권 청년주택 혁신방안
 ㅇ (사업 기간)
   - 2021년 1월 ~ 
 ㅇ (사업 대상)
   - 지원대상 : 청년안심주택, 민간임대주택 입주(예정)자
   - 연령기준 : 19~39세
   - 소득 : 전년도 도시근로자 가구당 월평균소득의 100%(신혼부부 120%) 이하
   - 자산 : 청년 2억 7,300만원 이하 / 신혼부부 3억 4,500만원 이하
 ㅇ (사업 내용)
    - 임차보증금 무이자 지원
      · 1억원 초과시 보증금의 30%, 1억 이하는 보증금의 50%
      · 최대 지원금액 청년 4,500만원 / 신혼부부 6,000만원
 ㅇ (사업 주체)
   - 서울시, SH공사
 ㅇ (사업 추진절차)
   - 신청인이 임대차 계약 체결 후 약정서 작성 및 구비서류 제출
   - 소득심사 등을 거쳐 확정시 지원금액 지급하고 보증보험 가입",6114636,건축기획관,전략주택공급과 김승재,       ,,,N,0057003,0056001,20250101,20251231,,,,,,,,,5192,N,19,39,N,0055003,0043003,0,0,전년도 도시근로자 가구당 월평균소득의 100%(신혼부부 120%) 이하,,,17545,6110000,서울특별시,0000000,서울특별시,6110000,서울특별시,"11110,11140,11170,11200,11215,11230,11260,11290,11305,11320,11350,11380,11410,11440,11470,11500,11530,11545,11560,11590,11620,11650,11680,11710,11740",0011009,0013010,0049010,,2025-03-16 16:08:09,2026-01-01 00:00:00,0014010,주거
20250316005400210632,1,002,008,017,0054002,0042005,0044002,청년안심주택 공급(매입),공공임대주택,ㅇ 역세권(간선도로변)의 민간소유 토지를 체계적으로 개발(민간 주도+공공 지원)하여 쾌적하고 저렴한 주택을 공급함으로써 청년층의 주거안정을 도모하고 지역경제를 활성화하고자 함.,주거,주택 및 거주지," ㅇ (사업 근거)
   - 「민간임대주택에 관한 특별법」
   - 「서울특별시 청년안심주택 공급 지원에 관한 조례」
 ㅇ (추진 경과)
   - ’16.03.25.  역세권 청년주택 공급계획 수립
   - ‘16.07.14. 「역세권 청년주택 공급 지원에 관한 조례」제정·시행
   - ‘16.08.22. 「역세권 청년주택 건립 및 운영기준」수립·시행
   - ‘19.11.26.  청년·신혼부부 주거비 지원계획 수립
   - `21.09.29. 「역세권 청년주택 건립 및 운영기준」개정(10차)
   - ’23.03.06.  역세권청년주택 혁신을 통한 ‘청년안심주택 추진방안’ 수립
   - ’23.05.22. 「청년안심주택 공급 지원에 관한 조례」개정
   - ’23.07, ’24.08. 「청년안심주택 건립 및 운영기준」개정(11차, 12차)
   - ’24.12.27. 「서울특별시 모두의 안심주택 건립 및 운영기준」제정
 ㅇ (사업 기간)
   - 2016년 7월 ~ 2025년 12월
 ㅇ (사업 대상) 
   - 지원대상 : 청년 및 신혼부부
   - 연령기준 : 19~39세
   - 소득기준 : 도시근로자 월평균소득 100% ~120% 이하
  ㅇ (사업 내용)  
   - 역세권(간선도로변)에 민간이 임대주택을 건설하게 하고 일부를 청년안심주택(공공임대)으로 매입하여 청년ㆍ신혼부부에게 공급하는 사업
 ㅇ (사업비)  79,662백만원 (국비 66,350 / 시비 13,312)",6114636,건축기획관,전략주택공급과 정진웅,       ,,,N,0057003,0056001,20250101,20251231,,,,,,,,,0,N,19,39,N,0055003,0043003,0,0,도시근로자 월평균소득 100% ~120% 이하,,,2540,6110000,서울특별시,0000000,서울특별시,6110000,서울특별시,"11110,11140,11170,11200,11215,11230,11260,11290,11305,11320,11350,11380,11410,11440,11470,11500,11530,11545,11560,11590,11620,11650,11680,11710,11740",0011009,0013010,0049010,,2025-03-16 15:58:13,2026-01-01 00:00:00,0014010,주거
20250316005400210628,1,002,006,013,0054002,0042002,0044002,신혼부부 청년 임차보증금 지원사업,금리혜택,신혼부부 · 청년의 주거안정을 위한 주거비 부담 완화,주거,전월세 및 주거급여 지원,"ㅇ 추진근거
   - 서울특별시 주거기본조례 제7조
   - 서울특별시 출산 및 양육지원에 관한 조례 제4조
   - 서울특별시 청년주거 기본 조례 제7조
 ㅇ 추진경과
   - 2017.01.   청년 임차보증금 이자지원 사업 시행 
   - 2018.05.   신혼부부 임차보증금 이자지원 사업 시행
   - 2020.01.   1차 금융지원 확대(소득기준, 지원금리 확대)
   - 2023.05.   2차 금융지원 확대(대출한도 확대, 추가 지원금리 신설 등) 
   - 2024.07.   3차 금융지원 확대(소득기준, 지원금리 확대 등)
 ㅇ 사업 내용
   - 신혼부부 보증금 이자지원
   - 청년 보증금 이자지원
 ㅇ 사업비 : 90,071백만원",6114630,주택정책관,주택정책과 김민정,       ,,,N,0057001,0056001,20250101,20251231,,,,,,,,,0,N,19,39,N,0055003,0043002,0,4000,,,,1017,6110000,서울특별시,0000000,서울특별시,6110000,서울특별시,"11110,11140,11170,11200,11215,11230,11260,11290,11305,11320,11350,11380,11410,11440,11470,11500,11530,11545,11560,11590,11620,11650,11680,11710,11740",0011009,0013010,0049010,20250701 ~ 20251231,2025-03-16 15:16:01,2025-03-27 15:43:42,0014010,주거
20250316005400210627,1,002,006,013,0054002,0042004,0044002,청년과 어르신 주거공유(한지붕세대공감),"주거지원,공공임대주택",어르신의 고립감을 해소하고 대학(원)생에게 주변 임대료보다 저렴하게 주거공간을 제공하여 주거비 부담 완화,주거,전월세 및 주거급여 지원,"신청 시 1실당 100만원 이내 환경개선(도배, 장판 교체 등) 공사
 ㅇ (사업 대상)
   - 어르신 : 방 1실 이상 주택을 소유한 60세 이상 어르신
   - 학  생 : 대학(원) 재학생 및 휴학생
",6114630,주택정책관,임대주택관 황지성,       ,,,N,0057003,0056001,20250101,20251231,,,,https://housing.seoul.go.kr/site/main/content/sh01_060504,,"□ 사업 내용
ㅇ (사업 근거)
   - 서울특별시 공유촉진조례 제7조(자치구와의 협력 및 지원)
   - 서울특별시 보조금 관리조례
 ㅇ (추진 경과)
   - 자치구 공유촉진 사업 지원계획(사회혁신담당관-9289, 2013.9.22.)
   - 세대융합형 룸쉐어링 시범사업 추진계획(임대주택과-12021, 2014.10.23.)
   - 세대융합형 룸쉐어링 시범사업 추진(주택정책과, ’14.11~)
   - 룸셰어링 사업 통합 및 개선계획(주택정책과-3330, 2016.2.29.)
   - 한지붕세대공감 사업 개선 추진계획(임대주택과-321, 2025.1.8.)
 ㅇ (사업 기간)
   - ‘25.1.1 ~ ’25.12.31
 ㅇ (사업비) 70백만원",,,100,N,0,0,Y,0055003,0043001,0,0,,,,1269,6110000,서울특별시,0000000,서울특별시,6110000,서울특별시,"11110,11140,11170,11200,11215,11230,11260,11290,11305,11320,11350,11380,11410,11440,11470,11500,11530,11545,11560,11590,11620,11650,11680,11710,11740",0011009,0013010,0049005,,2025-03-16 15:04:59,2026-01-01 00:00:00,0014010,주거
20250316005400210626,1,002,005,010,0054002,0042004,0044002,청년 매입임대주택 사업,공공임대주택,ㅇ 무주택 저소득 청년층의 주거안정을 위해 신축주택을 매입하여 저렴하게 공급,주거,주택 및 거주지,"ㅇ (사업 근거)
   - 공공주택특별법 제43조, 기존주택 등 매입임대주택 업무처리지침
 ㅇ (추진 경과)
   - 2022년 기존주택 매입임대주택 공급계획(’22.2.28)
   - 2023년 기존주택등 매입임대주택 공급계획(’23.3.16)  
   - 2024년 기존주택등 매입임대주택 공급계획(‘24.2.  )
 ㅇ (사업 기간)
    - 2025. 1. ~ 2025. 12.
 ㅇ (사업 대상) 대학생, 취업준비생 등 청년
   - (연령 기준) 19세~39세
   - (소득 기준) 전년도 도시근로자 월평균소득 100%이하
   - (기타 조건) 자산기준 제한
 ㅇ (사업 내용)  
   - 민간이 건설한 다가구, 다세대 등 양호한 신축예정주택을 서울주택도시공사에서 매입하여 무주택 저소득 청년층에게 저렴하게 공급
 ㅇ (사업비) 55,709백만원 (국비 38,709백만원, 지방비 17,000백만원)",6114630,주택정책관,임대주택과 장종희,       ,,,N,0057003,0056001,20250101,20251231,,,,,,,,,1000,N,19,39,N,0055003,0043003,0,0,전년도 도시근로자 월평균소득 100%이하,,,1974,6110000,서울특별시,0000000,서울특별시,6110000,서울특별시,"11110,11140,11170,11200,11215,11230,11260,11290,11305,11320,11350,11380,11410,11440,11470,11500,11530,11545,11560,11590,11620,11650,11680,11710,11740",0011009,0013003,0049010,,2025-03-16 14:58:21,2026-01-01 00:00:00,0014010,주거
20250227005400210571,1,002,005,010,0054002,0042001,0044002,상무지구 광주형 통합공공임대주택 건립,공공임대주택,"집값 상승과 전월세 부담으로 어려움을 겪는 청년, 신혼부부 등 중산층 이하 무주택 가구의 주거안정을 위해 새로운 유형의 질 좋은 공공임대주택 공급",주거,주택 및 거주지,"무주택 가구의 주거안정을 위해 새로운 유형의 질 좋은 공공임대주택 공급
- 통합공공임대주택 460세대 건립(36㎡ 68, 59㎡ 172, 84㎡ 220)",6290942,주택정책과,,       ,,,N,0057003,0056002,        ,        ,2026년 입주자 모집공고 예정,,,,,,,,0,N,19,39,N,0055003,0043003,0,0,모집공고시 안내 예정,,,2670,6290000,광주광역시,0000000,광주광역시,6290000,광주광역시,"29110,29140,29155,29170,29200",0011009,0013010,0049010,,2025-02-27 13:34:00,2026-01-01 00:00:00,0014010,주거
20250227005400210570,1,002,006,013,0054002,0042013,0044002,청년맞춤형 주택임차보증금 이자지원,대출,"대학(원)생, 취업준비생, 사회초년생의 임대보증금 대출을 알선하고 대출이자의 일부를 이차보전하여 주거안정에 기여",주거,전월세 및 주거급여 지원,2억원이하 주택임차보증금 90% 이내(최대1억원) 이자 일부(2%) 2년간 이차보전 | 연장1회 최장4년,6291043,청년정책과,,       ,,,N,0057003,0056001,20250101,20251231,,"광주청년통합플랫폼 - 청년맞춤형 주택임차보증금 이자지원 신청하기 클릭(신청시작일 생성), 접수 - 적격자 알림(시→은행, 신청인) - 대출적격자 통보(은행→신청인, 시) - 대출실행(은행→신청인) - 이자지원(시→은행)","○ 신규임차계악
- 2025. 4. 11.(금)

○ 갱신임차계약
- 신청월(3, 5, 7, 9, 11월 중 해당월)의 말일/ 3월1일~10일 신청자는 3월 31일 발표

○ 연장신청 : 별도안내",https://youth.gwangju.go.kr,"
○ 공통서류
- 임차보증금 이자지원 신청자 의무사항 및 각서(서식 1)
- 개인정보 수집‧이용 및 제3자 정보제공 동의서 (서식 2)
- 주민등록초본(주소변경이력포함, 발급일자 필수)
- 주민등록등본(발급 일자 필수)
- 가족관계증명서
- 지방세 세목별 과세증명서(전국/전체)
- 건강보험 자격득실확인서(가입이력전체포함)
- 건강보험 납부확인서(취창업자:본인, 기혼자:본인 및 배우자, 취준생:부모)
- 건강보험 자격확인서(소득산정 가구원의 건강보험 자격확인, 가입이력포함)
- 임대차계악서(갱신임차계약인 경우)

○ 대학(원)생, 취업준비생 추가서류
- 부모 소득금액증명원 또는 원천징수영수증 (부모 모두)
- 사실증명원 (부모가 소득이 없는 경우)
- 재학(휴학)증명서 / 졸업증명서 등 (총장 직인 필수)

○ 취창업자 추가서류
- 재직증명서(혹은 사업자등록증)
- 본인 2023년 소득금액증명원 또는 2024년 원천징수영수증","
○ 신규임차계악
(신규물건지 계약 전)
- 상반기 : 2025. 3. 17.(월) 09:00 ~ 3. 26.(수) 18:00 / 10일간
- 하반기 : 미정

○ 갱신임차계약
(기존계약 연장이거나 해당주택 첫 계약이더라도 기지급한 임차보증금 대환 등이 필요한 경우)
- 2025. 3. 1.(토) 09:00 ~ 3. 10.(월) 18:00 (계약갱신일 ’25.1.16.~3.10일인 경우)
- 2025. 5. 1.(목) 09:00 ~ 5. 10.(토) 18:00 (계약갱신일 ’25.3.16.~5.10일인 경우)
- 2025. 7. 1.(화) 09:00 ~ 7. 10.(목) 18:00 (계약갱신일 ’25.5.16.~7.10일인 경우)
- 2025. 9. 1.(월) 09:00 ~ 9. 10.(수) 18:00 (계약갱신일 ’25.7.16.~9.10일인 경우)
- 2025. 11. 1.(토) 09:00 ~ 11. 10.(월) 18:00 (계약갱신일 ’25.9.16.~11.10일인 경우)

○ 연장신청 : 만료예정일 45~30일 전(수시)",,,0,N,19,39,N,0055003,0043003,0,0,공고문 참조,"공고일 현재 광주광역시에 주소를 둔 무주택자 청년
- 청년기준 : 19~39세, 은행 보증 신청일(사업 참여 신청일 아님)
- 무주택자 기준 : 신청자, 배우자 무주택 여부",,2457,6290000,광주광역시,0000000,광주광역시,6290000,광주광역시,"29110,29140,29155,29170,29200",0011009,0013010,0049010,,2025-02-27 13:27:19,2026-01-01 00:00:00,0014010,주거
20250226005400110565,1,002,005,010,0054001,0042013,0044002,청년주택드림청약통장,금리혜택,무주택 청년의 주택구입과 자산형성을 지원,주거,주택 및 거주지,"□ 이자율: 최대 4.5%
□ 소득기준: 연 5,000만원(직전년도 신고소득이 있는 자 기준), 무주택자
□ 납입한도: 월 100만원
□ 납입금액의 40%까지 소득공제
□ 주택청약에 당첨된 경우 청년주택드림 대출 연계
  ㅇ 청년주택드림 청약통장 1년 이상 가입
  ㅇ 1,000만원 이상 납입
  ㅇ 당첨 시 분양가 80%까지 대출
  ㅇ 금리 최저 연 2.2%(만기, 소득별 차등) 최장 40년까지 지원(고정금리)
  ㅇ 6억 이하, 전용면적 85제곱미터 이하 주택
  ㅇ 생애주기별 금리 인하: 결혼 0.1%p 인하, 출산: 0.5%p 인하, 다자녀: 0.2%p 인하",1613000,국토교통부,,1613000,국토교통부,,Y,0057003,0056002,        ,        ,상시,,,,,"□ 업무 취급 은행
○ 우리은행 : 1599-0800
○ KB 국민은행 : 1599-1771
○ IBK 기업은행 : 1566-2566
○ NHBank : 1588-2100
○ 신한은행 : 1599-8000
○ 하나은행 : 1599-1111
○ 대구은행 : 1566-5050
○ 부산은행 : 1800-1333
○ 경남은행 : 1600-8585",https://nhuf.molit.go.kr/FP/FP07/FP0701/FP07010301.jsp,https://www.korea.kr/news/policyNewsView.do?newsId=148926066,0,N,19,34,N,0055003,0043002,0,5000,,"□ 소득기준: 연 5,000만원(직전년도 신고소득이 있는 자 기준), 무주택자",,75433,1613000,국토교통부,1613000,국토교통부,1613000,국토교통부,"11110,11140,11170,11200,11215,11230,11260,11290,11305,11320,11350,11380,11410,11440,11470,11500,11530,11545,11560,11590,11620,11650,11680,11710,11740,26110,26140,26170,26200,26230,26260,26290,26320,26350,26380,26410,26440,26470,26500,26530,26710,27110,27140,27170,27200,27230,27260,27290,27710,27720,28110,28140,28177,28185,28200,28237,28245,28260,28710,28720,29110,29140,29155,29170,29200,30110,30140,30170,30200,30230,31110,31140,31170,31200,31710,36110,41111,41113,41115,41117,41131,41133,41135,41150,41171,41173,41192,41194,41196,41210,41220,41250,41271,41273,41281,41285,41287,41290,41310,41360,41370,41390,41410,41430,41450,41461,41463,41465,41480,41500,41550,41570,41590,41610,41630,41650,41670,41800,41820,41830,43111,43112,43113,43114,43130,43150,43720,43730,43740,43745,43750,43760,43770,43800,44131,44133,44150,44180,44200,44210,44230,44250,44270,44710,44760,44770,44790,44800,44810,44825,46110,46130,46150,46170,46230,46710,46720,46730,46770,46780,46790,46800,46810,46820,46830,46840,46860,46870,46880,46890,46900,46910,47111,47113,47130,47150,47170,47190,47210,47230,47250,47280,47290,47730,47750,47760,47770,47820,47830,47840,47850,47900,47920,47930,47940,48121,48123,48125,48127,48129,48170,48220,48240,48250,48270,48310,48330,48720,48730,48740,48820,48840,48850,48860,48870,48880,48890,50110,50130,51110,51130,51150,51170,51190,51210,51230,51720,51730,51750,51760,51770,51780,51790,51800,51810,51820,51830,52111,52113,52130,52140,52180,52190,52210,52710,52720,52730,52740,52750,52770,52790,52800",0011009,0013010,0049010,,2025-02-26 16:53:34,2026-01-01 00:00:00,0014010,주거
20250304005400210585,1,002,005,011,0054002,0042006,0044002,전남학숙 운영,교육지원,광주 및 인근 지역 소재 대학교에 재학 중인 우리 도 출신 학생들의 숙식 편의제공 및 인재육성 지원,주거,기숙사,대학(원)생 숙식 및 편의시설 제공 ,6460000,전라남도,김영랑,       ,,,N,0057001,0056001,20250101,20251231,,"    ① 서류심사
    ② 대상자 발표",,,"    ① 입사원서
    ② 개인정보 수집이용 동의서
    ③ 본인 또는 보호자의 주민등록등본
    ④ 가족관계증명서
    ⑤ 건강보험납부확인서, 자격확인서
    ⑥ 대학지원서 또는 대학합격증명서 등","자세한 사항은 전남학숙 누리집, 담당자 문의",,,163,N,0,0,Y,0055003,0043003,0,0,부모 중위소득 적용,,"퇴학, 휴학, 정학 처분을 받고 그 처분이 종료되지 않은 학생, 사생수칙 위반으로 남도학숙에서 퇴사조치를 받은 사람, 전염성질환으로 공동생활 어려운 학생",42,6460000,전라남도,0000000,전라남도,6460000,전라남도,"46110,46130,46150,46170,46230,46710,46720,46730,46770,46780,46790,46800,46810,46820,46830,46840,46860,46870,46880,46890,46900,46910",0011009,0013010,"0049005,0049006,0049008",20250101 ~ 20250131,2025-02-04 20:55:17,2025-03-05 09:23:27,0014010,주거
20250123005400110398,1,002,006,013,0054001,0042003,0044002,생활안정자금 융자사업,대출,"생계곤란을 겪는 근로자 등에게 의료비, 혼례비, 장례비, 노부모부양비 등의 생계비를 저리로 융자하여 생활안정 및 근로의욕을 고취하기 위한 사업",주거,전월세 및 주거급여 지원,"1. 융자종목 및 한도액
 - 의료비, 장례비 : 1,000만원
 - 혼례비 : 1,250만원
 - 노부모부양비 : 2,000만원 범위 내 (조)부모 1인당 500만원
 - 자녀양육비 : 2,000만원 범위 내 7세 미만 1자녀당 500만원
 - 소액생계비 : 200만원
* 단, 2종목 이상 융자 신청 시 신청인 1인당 총 한도액 2,000만원

2. 융자조건
- 이율 : 연 1.5퍼센트
- 상환 : 1년 거치 3년 또는 4년 원금균등분할상환 중 선택
* 거치기간 및 상환기간 변경 불가, 조기상환 가능 (조기상환 수수료 없음)
- 보증방법 : 근로자신용보증지원제도 이용 (신용보증료 연 0.9퍼센트 별도 부담)
- 대행금융기관 : IBK 기업은행",1492000,고용노동부,,B490001,근로복지공단,,N,0057001,0056002,        ,        ,2025.1.6.~예산소진시까지,"1. 융자신청서 접수(인터넷 또는 방문)
2. 구비서류 제출
3. 융자신청서 적격여부 확인(소득요건 등 융자 대상자 여부 및 오류내용 확인)
4. 융자예정자 선정
5. 신용보증신청서 적격여부 확인(예비선정일로부터 7일 이내)
6. 보증서 발행 및 통보
7. 대출실행(기업은행 인터넷뱅킹, 모바일 I_ONE뱅크)
* 융자대상자는 융자약정 체결기간(융자결정일로부터 15일)이내 대출 신청",,https://welfare.comwel.or.kr/default/page.do?mCode=B010010010,신청인 제출서류 상이하므로 사업관련 참고사이트 2 확인 필수,,https://welfare.comwel.or.kr/default/index.do,http://www.moel.go.kr/policy/policyinfo/lobar/list16.do,16818,N,0,99,N,0055003,0043001,0,0,,,"ㅇ한국신용정보원 연체 등 정보 등록자(연체,회생,파산,신용회복 등)
ㅇ외국인
ㅇ재외동포
ㅇ융자대행금융지관에 연체정보, 채무조정, 특수채권 잔액이 있는 경우
",4489,B551904,한국고용정보원,1492000,고용노동부,1492000,고용노동부,"11110,11140,11170,11200,11215,11230,11260,11290,11305,11320,11350,11380,11410,11440,11470,11500,11530,11545,11560,11590,11620,11650,11680,11710,11740,26110,26140,26170,26200,26230,26260,26290,26320,26350,26380,26410,26440,26470,26500,26530,26710,27110,27140,27170,27200,27230,27260,27290,27710,27720,28110,28140,28177,28185,28200,28237,28245,28260,28710,28720,29110,29140,29155,29170,29200,30110,30140,30170,30200,30230,31110,31140,31170,31200,31710,36110,41111,41113,41115,41117,41131,41133,41135,41150,41171,41173,41192,41194,41196,41210,41220,41250,41271,41273,41281,41285,41287,41290,41310,41360,41370,41390,41410,41430,41450,41461,41463,41465,41480,41500,41550,41570,41590,41610,41630,41650,41670,41800,41820,41830,43111,43112,43113,43114,43130,43150,43720,43730,43740,43745,43750,43760,43770,43800,44131,44133,44150,44180,44200,44210,44230,44250,44270,44710,44760,44770,44790,44800,44810,44825,46110,46130,46150,46170,46230,46710,46720,46730,46770,46780,46790,46800,46810,46820,46830,46840,46860,46870,46880,46890,46900,46910,47111,47113,47130,47150,47170,47190,47210,47230,47250,47280,47290,47730,47750,47760,47770,47820,47830,47840,47850,47900,47920,47930,47940,48121,48123,48125,48127,48129,48170,48220,48240,48250,48270,48310,48330,48720,48730,48740,48820,48840,48850,48860,48870,48880,48890,50110,50130,51110,51130,51150,51170,51190,51210,51230,51720,51730,51750,51760,51770,51780,51790,51800,51810,51820,51830,52111,52113,52130,52140,52180,52190,52210,52710,52720,52730,52740,52750,52770,52790,52800",0011009,0013010,0049010,20250106 ~ 20251231,2025-01-23 19:54:00,2025-02-07 10:50:03,0014010,주거
20250113005400210184,1,002,005,010,0054002,0042011,0044002,용인청년 창업지원주택,공공임대주택,경기주택도시공사가 신축 주택을 매입하여 용인청년 1인 창조기업인에게 직‧주 혼합 소호(SOHO)형 주택을 주변시세의 30~50% 이하로 임대,주거,주택 및 거주지," ○ 사업내용 : 경기주택도시공사가 신축 주택을 매입하여 용인청년 1인 창조기업인에게 직‧주 혼합 소호(SOHO)형 주택을 주변시세의 30~50% 이하로 임대
 ○ 입주자격 : 청년 1인 창조기업인(예비창업자 포함)
 ○ 공급호수 : 총 16세대
 ○ 기타 자세한 사항은 용인시청 홈페이지 공고 확인",4050000,용인시,김은경,       ,,,N,0057001,0056001,20250113,20250124,,신청접수 -&gt; 주택소유 및 소득자산 조사 -&gt; 부적격자 소명 접수 및 심사 -&gt; 당첨자 발표,용인시청 홈페이지 공고 참조,,용인시청 홈페이지 공고 참조,,https://www.yongin.go.kr/user/bbs/BD_selectBbs.do?q_bbsCode=1001&amp;q_clCode=1&amp;q_bbscttSn=20250106162710905,,16,N,19,39,N,0055002,0043003,0,0,신청순위별 기준이 다르므로 공고 확인 필수,,,547,4050000,경기도 용인시,6410000,경기도,6410000,경기도,"41461,41463,41465",0011009,0013006,0049010,20250113 ~ 20250124,2025-01-13 16:55:35,2025-01-13 19:04:43,0014010,주거
20240119005400200007,2,001,004,000,0054002,0042013,0044002,포천 청년 창업자 임차료 지원,,창업 자본이 부족한 청년 창업자들에게 임차료의 일부 보조,주거,주택 및 거주지,- 임차료 50% 지원(월 최대 50만원/6개월 간),5600000,경기도 포천시,,5600000,경기도 포천시,,N,0057001,0056001,        ,        ,,방문 또는 이메일 접수(pyhm2023@korea.kr),"- 방법 : 포천시청 홈페이지 게시 및 합격자 개별 통보
- 발표일 : 2026. 4. 13.(월) 예정",https://pocheon.go.kr,,,https://pocheon.go.kr,,10,N,19,49,N,,,,,,,,449,5600000,경기도 포천시,6410000,경기도,6410000,경기도,41650,0011009,0013006,0049010,20260312 ~ 20260319,2024-01-19 15:43:37,2026-03-18 13:19:08,0014010,주거
